2026-05-26 10:14:21.171 [background-preinit] INFO  >>> o.h.validator.internal.util.Version - HV000001: Hibernate Validator 8.0.3.Final
2026-05-26 10:14:21.257 [main] INFO  >>> b.i.p.Produto12026Application - Starting Produto12026Application using Java 25.0.2 with PID 45044 (C:\Users\Petricks\Documents\graduacao\7periodo\back-end\produto1-2026\target\classes started by Petricks in C:\Users\Petricks\Documents\graduacao\7periodo\back-end\produto1-2026)
2026-05-26 10:14:21.259 [main] INFO  >>> b.i.p.Produto12026Application - The following 1 profile is active: "prod"
2026-05-26 10:14:24.119 [main] INFO  >>> o.a.coyote.http11.Http11NioProtocol - Initializing ProtocolHandler ["http-nio-8080"]
2026-05-26 10:14:24.122 [main] INFO  >>> o.a.catalina.core.StandardService - Starting service [Tomcat]
2026-05-26 10:14:24.123 [main] INFO  >>> o.a.catalina.core.StandardEngine - Starting Servlet engine: [Apache Tomcat/10.1.52]
2026-05-26 10:14:24.245 [main] INFO  >>> o.a.c.c.C.[Tomcat].[localhost].[/] - Initializing Spring embedded WebApplicationContext
2026-05-26 10:14:24.553 [main] INFO  >>> com.zaxxer.hikari.HikariDataSource - HikariPool-1 - Starting...
2026-05-26 10:14:24.910 [main] INFO  >>> com.zaxxer.hikari.pool.HikariPool - HikariPool-1 - Added connection conn0: url=jdbc:h2:mem:testdb user=SA
2026-05-26 10:14:24.912 [main] INFO  >>> com.zaxxer.hikari.HikariDataSource - HikariPool-1 - Start completed.
2026-05-26 10:14:24.979 [main] INFO  >>> o.h.jpa.internal.util.LogHelper - HHH000204: Processing PersistenceUnitInfo [name: default]
2026-05-26 10:14:25.095 [main] INFO  >>> org.hibernate.Version - HHH000412: Hibernate ORM core version 6.6.42.Final
2026-05-26 10:14:25.195 [main] INFO  >>> o.h.c.i.RegionFactoryInitiator - HHH000026: Second-level cache disabled
2026-05-26 10:14:25.879 [main] INFO  >>> o.hibernate.orm.connections.pooling - HHH10001005: Database info:
	Database JDBC URL [Connecting through datasource 'HikariDataSource (HikariPool-1)']
	Database driver: undefined/unknown
	Database version: 2.3.232
	Autocommit mode: undefined/unknown
	Isolation level: undefined/unknown
	Minimum pool size: undefined/unknown
	Maximum pool size: undefined/unknown
2026-05-26 10:14:28.194 [main] INFO  >>> o.h.e.t.j.p.i.JtaPlatformInitiator - HHH000489: No JTA platform available (set 'hibernate.transaction.jta.platform' to enable JTA platform integration)
2026-05-26 10:14:32.307 [main] INFO  >>> o.a.coyote.http11.Http11NioProtocol - Starting ProtocolHandler ["http-nio-8080"]
2026-05-26 10:14:32.388 [main] INFO  >>> b.i.p.Produto12026Application - Started Produto12026Application in 12.133 seconds (process running for 20.534)
2026-05-26 10:14:32.580 [main] WARN  >>> o.s.c.events.SpringDocAppInitializer - SpringDoc /api-docs endpoint is enabled by default. To disable it in production, set the property 'springdoc.api-docs.enabled=false'
2026-05-26 10:14:32.581 [main] WARN  >>> o.s.c.events.SpringDocAppInitializer - SpringDoc /swagger-ui.html endpoint is enabled by default. To disable it in production, set the property 'springdoc.swagger-ui.enabled=false'
2026-05-26 10:24:08.548 [SpringApplicationShutdownHook] INFO  >>> com.zaxxer.hikari.HikariDataSource - HikariPool-1 - Shutdown initiated...
2026-05-26 10:24:08.551 [SpringApplicationShutdownHook] INFO  >>> com.zaxxer.hikari.HikariDataSource - HikariPool-1 - Shutdown completed.
2026-05-26 10:24:11.951 [background-preinit] INFO  >>> o.h.validator.internal.util.Version - HV000001: Hibernate Validator 8.0.3.Final
2026-05-26 10:24:12.002 [main] INFO  >>> b.i.p.Produto12026Application - Starting Produto12026Application using Java 25.0.2 with PID 13512 (C:\Users\Petricks\Documents\graduacao\7periodo\back-end\produto1-2026\target\classes started by Petricks in C:\Users\Petricks\Documents\graduacao\7periodo\back-end\produto1-2026)
2026-05-26 10:24:12.004 [main] INFO  >>> b.i.p.Produto12026Application - The following 1 profile is active: "dev"
2026-05-26 10:24:14.348 [main] INFO  >>> o.a.coyote.http11.Http11NioProtocol - Initializing ProtocolHandler ["http-nio-8080"]
2026-05-26 10:24:14.350 [main] INFO  >>> o.a.catalina.core.StandardService - Starting service [Tomcat]
2026-05-26 10:24:14.350 [main] INFO  >>> o.a.catalina.core.StandardEngine - Starting Servlet engine: [Apache Tomcat/10.1.52]
2026-05-26 10:24:14.433 [main] INFO  >>> o.a.c.c.C.[Tomcat].[localhost].[/] - Initializing Spring embedded WebApplicationContext
2026-05-26 10:24:14.687 [main] INFO  >>> com.zaxxer.hikari.HikariDataSource - HikariPool-1 - Starting...
2026-05-26 10:24:14.935 [main] INFO  >>> com.zaxxer.hikari.pool.HikariPool - HikariPool-1 - Added connection conn0: url=jdbc:h2:mem:testdb user=SA
2026-05-26 10:24:14.937 [main] INFO  >>> com.zaxxer.hikari.HikariDataSource - HikariPool-1 - Start completed.
2026-05-26 10:24:14.993 [main] INFO  >>> o.h.jpa.internal.util.LogHelper - HHH000204: Processing PersistenceUnitInfo [name: default]
2026-05-26 10:24:15.063 [main] INFO  >>> org.hibernate.Version - HHH000412: Hibernate ORM core version 6.6.42.Final
2026-05-26 10:24:15.110 [main] INFO  >>> o.h.c.i.RegionFactoryInitiator - HHH000026: Second-level cache disabled
2026-05-26 10:24:15.562 [main] INFO  >>> o.hibernate.orm.connections.pooling - HHH10001005: Database info:
	Database JDBC URL [Connecting through datasource 'HikariDataSource (HikariPool-1)']
	Database driver: undefined/unknown
	Database version: 2.3.232
	Autocommit mode: undefined/unknown
	Isolation level: undefined/unknown
	Minimum pool size: undefined/unknown
	Maximum pool size: undefined/unknown
2026-05-26 10:24:16.918 [main] INFO  >>> o.h.e.t.j.p.i.JtaPlatformInitiator - HHH000489: No JTA platform available (set 'hibernate.transaction.jta.platform' to enable JTA platform integration)
2026-05-26 10:24:20.039 [main] INFO  >>> o.a.coyote.http11.Http11NioProtocol - Starting ProtocolHandler ["http-nio-8080"]
2026-05-26 10:24:20.077 [main] INFO  >>> b.i.p.Produto12026Application - Started Produto12026Application in 8.811 seconds (process running for 9.622)
2026-05-26 10:24:20.206 [main] WARN  >>> o.s.c.events.SpringDocAppInitializer - SpringDoc /api-docs endpoint is enabled by default. To disable it in production, set the property 'springdoc.api-docs.enabled=false'
2026-05-26 10:24:20.207 [main] WARN  >>> o.s.c.events.SpringDocAppInitializer - SpringDoc /swagger-ui.html endpoint is enabled by default. To disable it in production, set the property 'springdoc.swagger-ui.enabled=false'
2026-05-26 10:41:52.451 [SpringApplicationShutdownHook] INFO  >>> com.zaxxer.hikari.HikariDataSource - HikariPool-1 - Shutdown initiated...
2026-05-26 10:41:52.455 [SpringApplicationShutdownHook] INFO  >>> com.zaxxer.hikari.HikariDataSource - HikariPool-1 - Shutdown completed.
2026-05-26 10:53:09.663 [background-preinit] INFO  >>> o.h.validator.internal.util.Version - HV000001: Hibernate Validator 8.0.3.Final
2026-05-26 10:53:09.727 [main] INFO  >>> b.i.p.Produto12026Application - Starting Produto12026Application using Java 25.0.2 with PID 9044 (C:\Users\Petricks\Documents\graduacao\7periodo\back-end\produto1-2026\target\classes started by Petricks in C:\Users\Petricks\Documents\graduacao\7periodo\back-end\produto1-2026)
2026-05-26 10:53:09.728 [main] INFO  >>> b.i.p.Produto12026Application - The following 1 profile is active: "dev"
2026-05-26 10:53:12.436 [main] INFO  >>> o.a.coyote.http11.Http11NioProtocol - Initializing ProtocolHandler ["http-nio-8080"]
2026-05-26 10:53:12.440 [main] INFO  >>> o.a.catalina.core.StandardService - Starting service [Tomcat]
2026-05-26 10:53:12.440 [main] INFO  >>> o.a.catalina.core.StandardEngine - Starting Servlet engine: [Apache Tomcat/10.1.52]
2026-05-26 10:53:12.525 [main] INFO  >>> o.a.c.c.C.[Tomcat].[localhost].[/] - Initializing Spring embedded WebApplicationContext
2026-05-26 10:53:13.015 [main] INFO  >>> com.zaxxer.hikari.HikariDataSource - HikariPool-1 - Starting...
2026-05-26 10:53:14.311 [main] WARN  >>> o.s.b.w.s.c.AnnotationConfigServletWebServerApplicationContext - Exception encountered during context initialization - cancelling refresh attempt: org.springframework.beans.factory.BeanCreationException: Error creating bean with name 'entityManagerFactory' defined in class path resource [org/springframework/boot/autoconfigure/orm/jpa/HibernateJpaConfiguration.class]: Failed to initialize dependency 'flywayInitializer' of LoadTimeWeaverAware bean 'entityManagerFactory': Error creating bean with name 'flywayInitializer' defined in class path resource [org/springframework/boot/autoconfigure/flyway/FlywayAutoConfiguration$FlywayConfiguration.class]: Unable to obtain connection from database: Access denied for user 'root'@'localhost' (using password: YES)
----------------------------------------------------------------------------------------------------------
SQL State  : 28000
Error Code : 1045
Message    : Access denied for user 'root'@'localhost' (using password: YES)

2026-05-26 10:53:14.317 [main] INFO  >>> o.a.catalina.core.StandardService - Stopping service [Tomcat]
2026-05-26 10:53:14.377 [main] ERROR >>> o.s.boot.SpringApplication - Application run failed
org.springframework.beans.factory.BeanCreationException: Error creating bean with name 'entityManagerFactory' defined in class path resource [org/springframework/boot/autoconfigure/orm/jpa/HibernateJpaConfiguration.class]: Failed to initialize dependency 'flywayInitializer' of LoadTimeWeaverAware bean 'entityManagerFactory': Error creating bean with name 'flywayInitializer' defined in class path resource [org/springframework/boot/autoconfigure/flyway/FlywayAutoConfiguration$FlywayConfiguration.class]: Unable to obtain connection from database: Access denied for user 'root'@'localhost' (using password: YES)
----------------------------------------------------------------------------------------------------------
SQL State  : 28000
Error Code : 1045
Message    : Access denied for user 'root'@'localhost' (using password: YES)

	at org.springframework.beans.factory.support.AbstractBeanFactory.doGetBean(AbstractBeanFactory.java:328)
	at org.springframework.beans.factory.support.AbstractBeanFactory.getBean(AbstractBeanFactory.java:207)
	at org.springframework.context.support.AbstractApplicationContext.finishBeanFactoryInitialization(AbstractApplicationContext.java:974)
	at org.springframework.context.support.AbstractApplicationContext.refresh(AbstractApplicationContext.java:628)
	at org.springframework.boot.web.servlet.context.ServletWebServerApplicationContext.refresh(ServletWebServerApplicationContext.java:146)
	at org.springframework.boot.SpringApplication.refresh(SpringApplication.java:752)
	at org.springframework.boot.SpringApplication.refreshContext(SpringApplication.java:439)
	at org.springframework.boot.SpringApplication.run(SpringApplication.java:318)
	at org.springframework.boot.SpringApplication.run(SpringApplication.java:1361)
	at org.springframework.boot.SpringApplication.run(SpringApplication.java:1350)
	at br.ifmg.produto1_2026.Produto12026Application.main(Produto12026Application.java:16)
Caused by: org.springframework.beans.factory.BeanCreationException: Error creating bean with name 'flywayInitializer' defined in class path resource [org/springframework/boot/autoconfigure/flyway/FlywayAutoConfiguration$FlywayConfiguration.class]: Unable to obtain connection from database: Access denied for user 'root'@'localhost' (using password: YES)
----------------------------------------------------------------------------------------------------------
SQL State  : 28000
Error Code : 1045
Message    : Access denied for user 'root'@'localhost' (using password: YES)

	at org.springframework.beans.factory.support.AbstractAutowireCapableBeanFactory.initializeBean(AbstractAutowireCapableBeanFactory.java:1826)
	at org.springframework.beans.factory.support.AbstractAutowireCapableBeanFactory.doCreateBean(AbstractAutowireCapableBeanFactory.java:607)
	at org.springframework.beans.factory.support.AbstractAutowireCapableBeanFactory.createBean(AbstractAutowireCapableBeanFactory.java:529)
	at org.springframework.beans.factory.support.AbstractBeanFactory.lambda$doGetBean$0(AbstractBeanFactory.java:339)
	at org.springframework.beans.factory.support.DefaultSingletonBeanRegistry.getSingleton(DefaultSingletonBeanRegistry.java:373)
	at org.springframework.beans.factory.support.AbstractBeanFactory.doGetBean(AbstractBeanFactory.java:337)
	at org.springframework.beans.factory.support.AbstractBeanFactory.getBean(AbstractBeanFactory.java:202)
	at org.springframework.beans.factory.support.AbstractBeanFactory.doGetBean(AbstractBeanFactory.java:315)
	... 10 common frames omitted
Caused by: org.flywaydb.core.internal.exception.FlywaySqlException: Unable to obtain connection from database: Access denied for user 'root'@'localhost' (using password: YES)
----------------------------------------------------------------------------------------------------------
SQL State  : 28000
Error Code : 1045
Message    : Access denied for user 'root'@'localhost' (using password: YES)

	at org.flywaydb.core.internal.jdbc.JdbcUtils.openConnection(JdbcUtils.java:71)
	at org.flywaydb.core.internal.jdbc.JdbcConnectionFactory.<init>(JdbcConnectionFactory.java:76)
	at org.flywaydb.core.FlywayExecutor.execute(FlywayExecutor.java:136)
	at org.flywaydb.core.Flyway.migrate(Flyway.java:188)
	at org.springframework.boot.autoconfigure.flyway.FlywayMigrationInitializer.afterPropertiesSet(FlywayMigrationInitializer.java:66)
	at org.springframework.beans.factory.support.AbstractAutowireCapableBeanFactory.invokeInitMethods(AbstractAutowireCapableBeanFactory.java:1873)
	at org.springframework.beans.factory.support.AbstractAutowireCapableBeanFactory.initializeBean(AbstractAutowireCapableBeanFactory.java:1822)
	... 17 common frames omitted
Caused by: java.sql.SQLException: Access denied for user 'root'@'localhost' (using password: YES)
	at com.mysql.cj.jdbc.exceptions.SQLError.createSQLException(SQLError.java:121)
	at com.mysql.cj.jdbc.exceptions.SQLExceptionsMapping.translateException(SQLExceptionsMapping.java:114)
	at com.mysql.cj.jdbc.ConnectionImpl.createNewIO(ConnectionImpl.java:840)
	at com.mysql.cj.jdbc.ConnectionImpl.<init>(ConnectionImpl.java:416)
	at com.mysql.cj.jdbc.ConnectionImpl.getInstance(ConnectionImpl.java:237)
	at com.mysql.cj.jdbc.NonRegisteringDriver.connect(NonRegisteringDriver.java:180)
	at com.zaxxer.hikari.util.DriverDataSource.getConnection(DriverDataSource.java:144)
	at com.zaxxer.hikari.pool.PoolBase.newConnection(PoolBase.java:370)
	at com.zaxxer.hikari.pool.PoolBase.newPoolEntry(PoolBase.java:207)
	at com.zaxxer.hikari.pool.HikariPool.createPoolEntry(HikariPool.java:488)
	at com.zaxxer.hikari.pool.HikariPool.checkFailFast(HikariPool.java:576)
	at com.zaxxer.hikari.pool.HikariPool.<init>(HikariPool.java:97)
	at com.zaxxer.hikari.HikariDataSource.getConnection(HikariDataSource.java:111)
	at org.flywaydb.core.internal.jdbc.JdbcUtils.openConnection(JdbcUtils.java:59)
	... 23 common frames omitted
2026-05-26 10:55:33.648 [background-preinit] INFO  >>> o.h.validator.internal.util.Version - HV000001: Hibernate Validator 8.0.3.Final
2026-05-26 10:55:33.707 [main] INFO  >>> b.i.p.Produto12026Application - Starting Produto12026Application using Java 25.0.2 with PID 27340 (C:\Users\Petricks\Documents\graduacao\7periodo\back-end\produto1-2026\target\classes started by Petricks in C:\Users\Petricks\Documents\graduacao\7periodo\back-end\produto1-2026)
2026-05-26 10:55:33.709 [main] INFO  >>> b.i.p.Produto12026Application - The following 1 profile is active: "dev"
2026-05-26 10:55:36.285 [main] INFO  >>> o.a.coyote.http11.Http11NioProtocol - Initializing ProtocolHandler ["http-nio-8080"]
2026-05-26 10:55:36.294 [main] INFO  >>> o.a.catalina.core.StandardService - Starting service [Tomcat]
2026-05-26 10:55:36.296 [main] INFO  >>> o.a.catalina.core.StandardEngine - Starting Servlet engine: [Apache Tomcat/10.1.52]
2026-05-26 10:55:36.378 [main] INFO  >>> o.a.c.c.C.[Tomcat].[localhost].[/] - Initializing Spring embedded WebApplicationContext
2026-05-26 10:55:36.847 [main] INFO  >>> com.zaxxer.hikari.HikariDataSource - HikariPool-1 - Starting...
2026-05-26 10:55:38.079 [main] WARN  >>> o.s.b.w.s.c.AnnotationConfigServletWebServerApplicationContext - Exception encountered during context initialization - cancelling refresh attempt: org.springframework.beans.factory.BeanCreationException: Error creating bean with name 'entityManagerFactory' defined in class path resource [org/springframework/boot/autoconfigure/orm/jpa/HibernateJpaConfiguration.class]: Failed to initialize dependency 'flywayInitializer' of LoadTimeWeaverAware bean 'entityManagerFactory': Error creating bean with name 'flywayInitializer' defined in class path resource [org/springframework/boot/autoconfigure/flyway/FlywayAutoConfiguration$FlywayConfiguration.class]: Unable to obtain connection from database: Access denied for user 'root'@'localhost' (using password: YES)
----------------------------------------------------------------------------------------------------------
SQL State  : 28000
Error Code : 1045
Message    : Access denied for user 'root'@'localhost' (using password: YES)

2026-05-26 10:55:38.087 [main] INFO  >>> o.a.catalina.core.StandardService - Stopping service [Tomcat]
2026-05-26 10:55:38.145 [main] ERROR >>> o.s.boot.SpringApplication - Application run failed
org.springframework.beans.factory.BeanCreationException: Error creating bean with name 'entityManagerFactory' defined in class path resource [org/springframework/boot/autoconfigure/orm/jpa/HibernateJpaConfiguration.class]: Failed to initialize dependency 'flywayInitializer' of LoadTimeWeaverAware bean 'entityManagerFactory': Error creating bean with name 'flywayInitializer' defined in class path resource [org/springframework/boot/autoconfigure/flyway/FlywayAutoConfiguration$FlywayConfiguration.class]: Unable to obtain connection from database: Access denied for user 'root'@'localhost' (using password: YES)
----------------------------------------------------------------------------------------------------------
SQL State  : 28000
Error Code : 1045
Message    : Access denied for user 'root'@'localhost' (using password: YES)

	at org.springframework.beans.factory.support.AbstractBeanFactory.doGetBean(AbstractBeanFactory.java:328)
	at org.springframework.beans.factory.support.AbstractBeanFactory.getBean(AbstractBeanFactory.java:207)
	at org.springframework.context.support.AbstractApplicationContext.finishBeanFactoryInitialization(AbstractApplicationContext.java:974)
	at org.springframework.context.support.AbstractApplicationContext.refresh(AbstractApplicationContext.java:628)
	at org.springframework.boot.web.servlet.context.ServletWebServerApplicationContext.refresh(ServletWebServerApplicationContext.java:146)
	at org.springframework.boot.SpringApplication.refresh(SpringApplication.java:752)
	at org.springframework.boot.SpringApplication.refreshContext(SpringApplication.java:439)
	at org.springframework.boot.SpringApplication.run(SpringApplication.java:318)
	at org.springframework.boot.SpringApplication.run(SpringApplication.java:1361)
	at org.springframework.boot.SpringApplication.run(SpringApplication.java:1350)
	at br.ifmg.produto1_2026.Produto12026Application.main(Produto12026Application.java:16)
Caused by: org.springframework.beans.factory.BeanCreationException: Error creating bean with name 'flywayInitializer' defined in class path resource [org/springframework/boot/autoconfigure/flyway/FlywayAutoConfiguration$FlywayConfiguration.class]: Unable to obtain connection from database: Access denied for user 'root'@'localhost' (using password: YES)
----------------------------------------------------------------------------------------------------------
SQL State  : 28000
Error Code : 1045
Message    : Access denied for user 'root'@'localhost' (using password: YES)

	at org.springframework.beans.factory.support.AbstractAutowireCapableBeanFactory.initializeBean(AbstractAutowireCapableBeanFactory.java:1826)
	at org.springframework.beans.factory.support.AbstractAutowireCapableBeanFactory.doCreateBean(AbstractAutowireCapableBeanFactory.java:607)
	at org.springframework.beans.factory.support.AbstractAutowireCapableBeanFactory.createBean(AbstractAutowireCapableBeanFactory.java:529)
	at org.springframework.beans.factory.support.AbstractBeanFactory.lambda$doGetBean$0(AbstractBeanFactory.java:339)
	at org.springframework.beans.factory.support.DefaultSingletonBeanRegistry.getSingleton(DefaultSingletonBeanRegistry.java:373)
	at org.springframework.beans.factory.support.AbstractBeanFactory.doGetBean(AbstractBeanFactory.java:337)
	at org.springframework.beans.factory.support.AbstractBeanFactory.getBean(AbstractBeanFactory.java:202)
	at org.springframework.beans.factory.support.AbstractBeanFactory.doGetBean(AbstractBeanFactory.java:315)
	... 10 common frames omitted
Caused by: org.flywaydb.core.internal.exception.FlywaySqlException: Unable to obtain connection from database: Access denied for user 'root'@'localhost' (using password: YES)
----------------------------------------------------------------------------------------------------------
SQL State  : 28000
Error Code : 1045
Message    : Access denied for user 'root'@'localhost' (using password: YES)

	at org.flywaydb.core.internal.jdbc.JdbcUtils.openConnection(JdbcUtils.java:71)
	at org.flywaydb.core.internal.jdbc.JdbcConnectionFactory.<init>(JdbcConnectionFactory.java:76)
	at org.flywaydb.core.FlywayExecutor.execute(FlywayExecutor.java:136)
	at org.flywaydb.core.Flyway.migrate(Flyway.java:188)
	at org.springframework.boot.autoconfigure.flyway.FlywayMigrationInitializer.afterPropertiesSet(FlywayMigrationInitializer.java:66)
	at org.springframework.beans.factory.support.AbstractAutowireCapableBeanFactory.invokeInitMethods(AbstractAutowireCapableBeanFactory.java:1873)
	at org.springframework.beans.factory.support.AbstractAutowireCapableBeanFactory.initializeBean(AbstractAutowireCapableBeanFactory.java:1822)
	... 17 common frames omitted
Caused by: java.sql.SQLException: Access denied for user 'root'@'localhost' (using password: YES)
	at com.mysql.cj.jdbc.exceptions.SQLError.createSQLException(SQLError.java:121)
	at com.mysql.cj.jdbc.exceptions.SQLExceptionsMapping.translateException(SQLExceptionsMapping.java:114)
	at com.mysql.cj.jdbc.ConnectionImpl.createNewIO(ConnectionImpl.java:840)
	at com.mysql.cj.jdbc.ConnectionImpl.<init>(ConnectionImpl.java:416)
	at com.mysql.cj.jdbc.ConnectionImpl.getInstance(ConnectionImpl.java:237)
	at com.mysql.cj.jdbc.NonRegisteringDriver.connect(NonRegisteringDriver.java:180)
	at com.zaxxer.hikari.util.DriverDataSource.getConnection(DriverDataSource.java:144)
	at com.zaxxer.hikari.pool.PoolBase.newConnection(PoolBase.java:370)
	at com.zaxxer.hikari.pool.PoolBase.newPoolEntry(PoolBase.java:207)
	at com.zaxxer.hikari.pool.HikariPool.createPoolEntry(HikariPool.java:488)
	at com.zaxxer.hikari.pool.HikariPool.checkFailFast(HikariPool.java:576)
	at com.zaxxer.hikari.pool.HikariPool.<init>(HikariPool.java:97)
	at com.zaxxer.hikari.HikariDataSource.getConnection(HikariDataSource.java:111)
	at org.flywaydb.core.internal.jdbc.JdbcUtils.openConnection(JdbcUtils.java:59)
	... 23 common frames omitted
2026-05-26 10:58:32.584 [background-preinit] INFO  >>> o.h.validator.internal.util.Version - HV000001: Hibernate Validator 8.0.3.Final
2026-05-26 10:58:32.665 [main] INFO  >>> b.i.p.Produto12026Application - Starting Produto12026Application using Java 25.0.2 with PID 13764 (C:\Users\Petricks\Documents\graduacao\7periodo\back-end\produto1-2026\target\classes started by Petricks in C:\Users\Petricks\Documents\graduacao\7periodo\back-end\produto1-2026)
2026-05-26 10:58:32.667 [main] INFO  >>> b.i.p.Produto12026Application - The following 1 profile is active: "dev"
2026-05-26 10:58:35.156 [main] INFO  >>> o.a.coyote.http11.Http11NioProtocol - Initializing ProtocolHandler ["http-nio-8080"]
2026-05-26 10:58:35.158 [main] INFO  >>> o.a.catalina.core.StandardService - Starting service [Tomcat]
2026-05-26 10:58:35.159 [main] INFO  >>> o.a.catalina.core.StandardEngine - Starting Servlet engine: [Apache Tomcat/10.1.52]
2026-05-26 10:58:35.247 [main] INFO  >>> o.a.c.c.C.[Tomcat].[localhost].[/] - Initializing Spring embedded WebApplicationContext
2026-05-26 10:58:35.716 [main] INFO  >>> com.zaxxer.hikari.HikariDataSource - HikariPool-1 - Starting...
2026-05-26 10:58:36.948 [main] WARN  >>> o.s.b.w.s.c.AnnotationConfigServletWebServerApplicationContext - Exception encountered during context initialization - cancelling refresh attempt: org.springframework.beans.factory.BeanCreationException: Error creating bean with name 'entityManagerFactory' defined in class path resource [org/springframework/boot/autoconfigure/orm/jpa/HibernateJpaConfiguration.class]: Failed to initialize dependency 'flywayInitializer' of LoadTimeWeaverAware bean 'entityManagerFactory': Error creating bean with name 'flywayInitializer' defined in class path resource [org/springframework/boot/autoconfigure/flyway/FlywayAutoConfiguration$FlywayConfiguration.class]: Unable to obtain connection from database: Access denied for user 'root'@'localhost' (using password: YES)
----------------------------------------------------------------------------------------------------------
SQL State  : 28000
Error Code : 1045
Message    : Access denied for user 'root'@'localhost' (using password: YES)

2026-05-26 10:58:36.953 [main] INFO  >>> o.a.catalina.core.StandardService - Stopping service [Tomcat]
2026-05-26 10:58:36.997 [main] ERROR >>> o.s.boot.SpringApplication - Application run failed
org.springframework.beans.factory.BeanCreationException: Error creating bean with name 'entityManagerFactory' defined in class path resource [org/springframework/boot/autoconfigure/orm/jpa/HibernateJpaConfiguration.class]: Failed to initialize dependency 'flywayInitializer' of LoadTimeWeaverAware bean 'entityManagerFactory': Error creating bean with name 'flywayInitializer' defined in class path resource [org/springframework/boot/autoconfigure/flyway/FlywayAutoConfiguration$FlywayConfiguration.class]: Unable to obtain connection from database: Access denied for user 'root'@'localhost' (using password: YES)
----------------------------------------------------------------------------------------------------------
SQL State  : 28000
Error Code : 1045
Message    : Access denied for user 'root'@'localhost' (using password: YES)

	at org.springframework.beans.factory.support.AbstractBeanFactory.doGetBean(AbstractBeanFactory.java:328)
	at org.springframework.beans.factory.support.AbstractBeanFactory.getBean(AbstractBeanFactory.java:207)
	at org.springframework.context.support.AbstractApplicationContext.finishBeanFactoryInitialization(AbstractApplicationContext.java:974)
	at org.springframework.context.support.AbstractApplicationContext.refresh(AbstractApplicationContext.java:628)
	at org.springframework.boot.web.servlet.context.ServletWebServerApplicationContext.refresh(ServletWebServerApplicationContext.java:146)
	at org.springframework.boot.SpringApplication.refresh(SpringApplication.java:752)
	at org.springframework.boot.SpringApplication.refreshContext(SpringApplication.java:439)
	at org.springframework.boot.SpringApplication.run(SpringApplication.java:318)
	at org.springframework.boot.SpringApplication.run(SpringApplication.java:1361)
	at org.springframework.boot.SpringApplication.run(SpringApplication.java:1350)
	at br.ifmg.produto1_2026.Produto12026Application.main(Produto12026Application.java:16)
Caused by: org.springframework.beans.factory.BeanCreationException: Error creating bean with name 'flywayInitializer' defined in class path resource [org/springframework/boot/autoconfigure/flyway/FlywayAutoConfiguration$FlywayConfiguration.class]: Unable to obtain connection from database: Access denied for user 'root'@'localhost' (using password: YES)
----------------------------------------------------------------------------------------------------------
SQL State  : 28000
Error Code : 1045
Message    : Access denied for user 'root'@'localhost' (using password: YES)

	at org.springframework.beans.factory.support.AbstractAutowireCapableBeanFactory.initializeBean(AbstractAutowireCapableBeanFactory.java:1826)
	at org.springframework.beans.factory.support.AbstractAutowireCapableBeanFactory.doCreateBean(AbstractAutowireCapableBeanFactory.java:607)
	at org.springframework.beans.factory.support.AbstractAutowireCapableBeanFactory.createBean(AbstractAutowireCapableBeanFactory.java:529)
	at org.springframework.beans.factory.support.AbstractBeanFactory.lambda$doGetBean$0(AbstractBeanFactory.java:339)
	at org.springframework.beans.factory.support.DefaultSingletonBeanRegistry.getSingleton(DefaultSingletonBeanRegistry.java:373)
	at org.springframework.beans.factory.support.AbstractBeanFactory.doGetBean(AbstractBeanFactory.java:337)
	at org.springframework.beans.factory.support.AbstractBeanFactory.getBean(AbstractBeanFactory.java:202)
	at org.springframework.beans.factory.support.AbstractBeanFactory.doGetBean(AbstractBeanFactory.java:315)
	... 10 common frames omitted
Caused by: org.flywaydb.core.internal.exception.FlywaySqlException: Unable to obtain connection from database: Access denied for user 'root'@'localhost' (using password: YES)
----------------------------------------------------------------------------------------------------------
SQL State  : 28000
Error Code : 1045
Message    : Access denied for user 'root'@'localhost' (using password: YES)

	at org.flywaydb.core.internal.jdbc.JdbcUtils.openConnection(JdbcUtils.java:71)
	at org.flywaydb.core.internal.jdbc.JdbcConnectionFactory.<init>(JdbcConnectionFactory.java:76)
	at org.flywaydb.core.FlywayExecutor.execute(FlywayExecutor.java:136)
	at org.flywaydb.core.Flyway.migrate(Flyway.java:188)
	at org.springframework.boot.autoconfigure.flyway.FlywayMigrationInitializer.afterPropertiesSet(FlywayMigrationInitializer.java:66)
	at org.springframework.beans.factory.support.AbstractAutowireCapableBeanFactory.invokeInitMethods(AbstractAutowireCapableBeanFactory.java:1873)
	at org.springframework.beans.factory.support.AbstractAutowireCapableBeanFactory.initializeBean(AbstractAutowireCapableBeanFactory.java:1822)
	... 17 common frames omitted
Caused by: java.sql.SQLException: Access denied for user 'root'@'localhost' (using password: YES)
	at com.mysql.cj.jdbc.exceptions.SQLError.createSQLException(SQLError.java:121)
	at com.mysql.cj.jdbc.exceptions.SQLExceptionsMapping.translateException(SQLExceptionsMapping.java:114)
	at com.mysql.cj.jdbc.ConnectionImpl.createNewIO(ConnectionImpl.java:840)
	at com.mysql.cj.jdbc.ConnectionImpl.<init>(ConnectionImpl.java:416)
	at com.mysql.cj.jdbc.ConnectionImpl.getInstance(ConnectionImpl.java:237)
	at com.mysql.cj.jdbc.NonRegisteringDriver.connect(NonRegisteringDriver.java:180)
	at com.zaxxer.hikari.util.DriverDataSource.getConnection(DriverDataSource.java:144)
	at com.zaxxer.hikari.pool.PoolBase.newConnection(PoolBase.java:370)
	at com.zaxxer.hikari.pool.PoolBase.newPoolEntry(PoolBase.java:207)
	at com.zaxxer.hikari.pool.HikariPool.createPoolEntry(HikariPool.java:488)
	at com.zaxxer.hikari.pool.HikariPool.checkFailFast(HikariPool.java:576)
	at com.zaxxer.hikari.pool.HikariPool.<init>(HikariPool.java:97)
	at com.zaxxer.hikari.HikariDataSource.getConnection(HikariDataSource.java:111)
	at org.flywaydb.core.internal.jdbc.JdbcUtils.openConnection(JdbcUtils.java:59)
	... 23 common frames omitted
2026-05-26 10:59:38.146 [background-preinit] INFO  >>> o.h.validator.internal.util.Version - HV000001: Hibernate Validator 8.0.3.Final
2026-05-26 10:59:38.227 [main] INFO  >>> b.i.p.Produto12026Application - Starting Produto12026Application using Java 25.0.2 with PID 25040 (C:\Users\Petricks\Documents\graduacao\7periodo\back-end\produto1-2026\target\classes started by Petricks in C:\Users\Petricks\Documents\graduacao\7periodo\back-end\produto1-2026)
2026-05-26 10:59:38.230 [main] INFO  >>> b.i.p.Produto12026Application - The following 1 profile is active: "dev"
2026-05-26 10:59:41.872 [main] INFO  >>> o.a.coyote.http11.Http11NioProtocol - Initializing ProtocolHandler ["http-nio-8080"]
2026-05-26 10:59:41.875 [main] INFO  >>> o.a.catalina.core.StandardService - Starting service [Tomcat]
2026-05-26 10:59:41.876 [main] INFO  >>> o.a.catalina.core.StandardEngine - Starting Servlet engine: [Apache Tomcat/10.1.52]
2026-05-26 10:59:41.999 [main] INFO  >>> o.a.c.c.C.[Tomcat].[localhost].[/] - Initializing Spring embedded WebApplicationContext
2026-05-26 10:59:42.638 [main] INFO  >>> com.zaxxer.hikari.HikariDataSource - HikariPool-1 - Starting...
2026-05-26 10:59:43.889 [main] WARN  >>> o.s.b.w.s.c.AnnotationConfigServletWebServerApplicationContext - Exception encountered during context initialization - cancelling refresh attempt: org.springframework.beans.factory.BeanCreationException: Error creating bean with name 'entityManagerFactory' defined in class path resource [org/springframework/boot/autoconfigure/orm/jpa/HibernateJpaConfiguration.class]: Failed to initialize dependency 'flywayInitializer' of LoadTimeWeaverAware bean 'entityManagerFactory': Error creating bean with name 'flywayInitializer' defined in class path resource [org/springframework/boot/autoconfigure/flyway/FlywayAutoConfiguration$FlywayConfiguration.class]: Unable to obtain connection from database: Access denied for user 'root'@'localhost' (using password: YES)
----------------------------------------------------------------------------------------------------------
SQL State  : 28000
Error Code : 1045
Message    : Access denied for user 'root'@'localhost' (using password: YES)

2026-05-26 10:59:43.897 [main] INFO  >>> o.a.catalina.core.StandardService - Stopping service [Tomcat]
2026-05-26 10:59:43.976 [main] ERROR >>> o.s.boot.SpringApplication - Application run failed
org.springframework.beans.factory.BeanCreationException: Error creating bean with name 'entityManagerFactory' defined in class path resource [org/springframework/boot/autoconfigure/orm/jpa/HibernateJpaConfiguration.class]: Failed to initialize dependency 'flywayInitializer' of LoadTimeWeaverAware bean 'entityManagerFactory': Error creating bean with name 'flywayInitializer' defined in class path resource [org/springframework/boot/autoconfigure/flyway/FlywayAutoConfiguration$FlywayConfiguration.class]: Unable to obtain connection from database: Access denied for user 'root'@'localhost' (using password: YES)
----------------------------------------------------------------------------------------------------------
SQL State  : 28000
Error Code : 1045
Message    : Access denied for user 'root'@'localhost' (using password: YES)

	at org.springframework.beans.factory.support.AbstractBeanFactory.doGetBean(AbstractBeanFactory.java:328)
	at org.springframework.beans.factory.support.AbstractBeanFactory.getBean(AbstractBeanFactory.java:207)
	at org.springframework.context.support.AbstractApplicationContext.finishBeanFactoryInitialization(AbstractApplicationContext.java:974)
	at org.springframework.context.support.AbstractApplicationContext.refresh(AbstractApplicationContext.java:628)
	at org.springframework.boot.web.servlet.context.ServletWebServerApplicationContext.refresh(ServletWebServerApplicationContext.java:146)
	at org.springframework.boot.SpringApplication.refresh(SpringApplication.java:752)
	at org.springframework.boot.SpringApplication.refreshContext(SpringApplication.java:439)
	at org.springframework.boot.SpringApplication.run(SpringApplication.java:318)
	at org.springframework.boot.SpringApplication.run(SpringApplication.java:1361)
	at org.springframework.boot.SpringApplication.run(SpringApplication.java:1350)
	at br.ifmg.produto1_2026.Produto12026Application.main(Produto12026Application.java:16)
Caused by: org.springframework.beans.factory.BeanCreationException: Error creating bean with name 'flywayInitializer' defined in class path resource [org/springframework/boot/autoconfigure/flyway/FlywayAutoConfiguration$FlywayConfiguration.class]: Unable to obtain connection from database: Access denied for user 'root'@'localhost' (using password: YES)
----------------------------------------------------------------------------------------------------------
SQL State  : 28000
Error Code : 1045
Message    : Access denied for user 'root'@'localhost' (using password: YES)

	at org.springframework.beans.factory.support.AbstractAutowireCapableBeanFactory.initializeBean(AbstractAutowireCapableBeanFactory.java:1826)
	at org.springframework.beans.factory.support.AbstractAutowireCapableBeanFactory.doCreateBean(AbstractAutowireCapableBeanFactory.java:607)
	at org.springframework.beans.factory.support.AbstractAutowireCapableBeanFactory.createBean(AbstractAutowireCapableBeanFactory.java:529)
	at org.springframework.beans.factory.support.AbstractBeanFactory.lambda$doGetBean$0(AbstractBeanFactory.java:339)
	at org.springframework.beans.factory.support.DefaultSingletonBeanRegistry.getSingleton(DefaultSingletonBeanRegistry.java:373)
	at org.springframework.beans.factory.support.AbstractBeanFactory.doGetBean(AbstractBeanFactory.java:337)
	at org.springframework.beans.factory.support.AbstractBeanFactory.getBean(AbstractBeanFactory.java:202)
	at org.springframework.beans.factory.support.AbstractBeanFactory.doGetBean(AbstractBeanFactory.java:315)
	... 10 common frames omitted
Caused by: org.flywaydb.core.internal.exception.FlywaySqlException: Unable to obtain connection from database: Access denied for user 'root'@'localhost' (using password: YES)
----------------------------------------------------------------------------------------------------------
SQL State  : 28000
Error Code : 1045
Message    : Access denied for user 'root'@'localhost' (using password: YES)

	at org.flywaydb.core.internal.jdbc.JdbcUtils.openConnection(JdbcUtils.java:71)
	at org.flywaydb.core.internal.jdbc.JdbcConnectionFactory.<init>(JdbcConnectionFactory.java:76)
	at org.flywaydb.core.FlywayExecutor.execute(FlywayExecutor.java:136)
	at org.flywaydb.core.Flyway.migrate(Flyway.java:188)
	at org.springframework.boot.autoconfigure.flyway.FlywayMigrationInitializer.afterPropertiesSet(FlywayMigrationInitializer.java:66)
	at org.springframework.beans.factory.support.AbstractAutowireCapableBeanFactory.invokeInitMethods(AbstractAutowireCapableBeanFactory.java:1873)
	at org.springframework.beans.factory.support.AbstractAutowireCapableBeanFactory.initializeBean(AbstractAutowireCapableBeanFactory.java:1822)
	... 17 common frames omitted
Caused by: java.sql.SQLException: Access denied for user 'root'@'localhost' (using password: YES)
	at com.mysql.cj.jdbc.exceptions.SQLError.createSQLException(SQLError.java:121)
	at com.mysql.cj.jdbc.exceptions.SQLExceptionsMapping.translateException(SQLExceptionsMapping.java:114)
	at com.mysql.cj.jdbc.ConnectionImpl.createNewIO(ConnectionImpl.java:840)
	at com.mysql.cj.jdbc.ConnectionImpl.<init>(ConnectionImpl.java:416)
	at com.mysql.cj.jdbc.ConnectionImpl.getInstance(ConnectionImpl.java:237)
	at com.mysql.cj.jdbc.NonRegisteringDriver.connect(NonRegisteringDriver.java:180)
	at com.zaxxer.hikari.util.DriverDataSource.getConnection(DriverDataSource.java:144)
	at com.zaxxer.hikari.pool.PoolBase.newConnection(PoolBase.java:370)
	at com.zaxxer.hikari.pool.PoolBase.newPoolEntry(PoolBase.java:207)
	at com.zaxxer.hikari.pool.HikariPool.createPoolEntry(HikariPool.java:488)
	at com.zaxxer.hikari.pool.HikariPool.checkFailFast(HikariPool.java:576)
	at com.zaxxer.hikari.pool.HikariPool.<init>(HikariPool.java:97)
	at com.zaxxer.hikari.HikariDataSource.getConnection(HikariDataSource.java:111)
	at org.flywaydb.core.internal.jdbc.JdbcUtils.openConnection(JdbcUtils.java:59)
	... 23 common frames omitted
2026-05-26 11:04:01.991 [background-preinit] INFO  >>> o.h.validator.internal.util.Version - HV000001: Hibernate Validator 8.0.3.Final
2026-05-26 11:04:02.070 [main] INFO  >>> b.i.p.Produto12026Application - Starting Produto12026Application using Java 25.0.2 with PID 31908 (C:\Users\Petricks\Documents\graduacao\7periodo\back-end\produto1-2026\target\classes started by Petricks in C:\Users\Petricks\Documents\graduacao\7periodo\back-end\produto1-2026)
2026-05-26 11:04:02.071 [main] INFO  >>> b.i.p.Produto12026Application - The following 1 profile is active: "dev"
2026-05-26 11:04:04.905 [main] INFO  >>> o.a.coyote.http11.Http11NioProtocol - Initializing ProtocolHandler ["http-nio-8080"]
2026-05-26 11:04:04.911 [main] INFO  >>> o.a.catalina.core.StandardService - Starting service [Tomcat]
2026-05-26 11:04:04.912 [main] INFO  >>> o.a.catalina.core.StandardEngine - Starting Servlet engine: [Apache Tomcat/10.1.52]
2026-05-26 11:04:05.000 [main] INFO  >>> o.a.c.c.C.[Tomcat].[localhost].[/] - Initializing Spring embedded WebApplicationContext
2026-05-26 11:04:05.461 [main] INFO  >>> com.zaxxer.hikari.HikariDataSource - HikariPool-1 - Starting...
2026-05-26 11:04:06.680 [main] WARN  >>> o.s.b.w.s.c.AnnotationConfigServletWebServerApplicationContext - Exception encountered during context initialization - cancelling refresh attempt: org.springframework.beans.factory.BeanCreationException: Error creating bean with name 'entityManagerFactory' defined in class path resource [org/springframework/boot/autoconfigure/orm/jpa/HibernateJpaConfiguration.class]: Failed to initialize dependency 'flywayInitializer' of LoadTimeWeaverAware bean 'entityManagerFactory': Error creating bean with name 'flywayInitializer' defined in class path resource [org/springframework/boot/autoconfigure/flyway/FlywayAutoConfiguration$FlywayConfiguration.class]: Unable to obtain connection from database: Access denied for user 'root'@'localhost' (using password: YES)
----------------------------------------------------------------------------------------------------------
SQL State  : 28000
Error Code : 1045
Message    : Access denied for user 'root'@'localhost' (using password: YES)

2026-05-26 11:04:06.689 [main] INFO  >>> o.a.catalina.core.StandardService - Stopping service [Tomcat]
2026-05-26 11:04:06.745 [main] ERROR >>> o.s.boot.SpringApplication - Application run failed
org.springframework.beans.factory.BeanCreationException: Error creating bean with name 'entityManagerFactory' defined in class path resource [org/springframework/boot/autoconfigure/orm/jpa/HibernateJpaConfiguration.class]: Failed to initialize dependency 'flywayInitializer' of LoadTimeWeaverAware bean 'entityManagerFactory': Error creating bean with name 'flywayInitializer' defined in class path resource [org/springframework/boot/autoconfigure/flyway/FlywayAutoConfiguration$FlywayConfiguration.class]: Unable to obtain connection from database: Access denied for user 'root'@'localhost' (using password: YES)
----------------------------------------------------------------------------------------------------------
SQL State  : 28000
Error Code : 1045
Message    : Access denied for user 'root'@'localhost' (using password: YES)

	at org.springframework.beans.factory.support.AbstractBeanFactory.doGetBean(AbstractBeanFactory.java:328)
	at org.springframework.beans.factory.support.AbstractBeanFactory.getBean(AbstractBeanFactory.java:207)
	at org.springframework.context.support.AbstractApplicationContext.finishBeanFactoryInitialization(AbstractApplicationContext.java:974)
	at org.springframework.context.support.AbstractApplicationContext.refresh(AbstractApplicationContext.java:628)
	at org.springframework.boot.web.servlet.context.ServletWebServerApplicationContext.refresh(ServletWebServerApplicationContext.java:146)
	at org.springframework.boot.SpringApplication.refresh(SpringApplication.java:752)
	at org.springframework.boot.SpringApplication.refreshContext(SpringApplication.java:439)
	at org.springframework.boot.SpringApplication.run(SpringApplication.java:318)
	at org.springframework.boot.SpringApplication.run(SpringApplication.java:1361)
	at org.springframework.boot.SpringApplication.run(SpringApplication.java:1350)
	at br.ifmg.produto1_2026.Produto12026Application.main(Produto12026Application.java:16)
Caused by: org.springframework.beans.factory.BeanCreationException: Error creating bean with name 'flywayInitializer' defined in class path resource [org/springframework/boot/autoconfigure/flyway/FlywayAutoConfiguration$FlywayConfiguration.class]: Unable to obtain connection from database: Access denied for user 'root'@'localhost' (using password: YES)
----------------------------------------------------------------------------------------------------------
SQL State  : 28000
Error Code : 1045
Message    : Access denied for user 'root'@'localhost' (using password: YES)

	at org.springframework.beans.factory.support.AbstractAutowireCapableBeanFactory.initializeBean(AbstractAutowireCapableBeanFactory.java:1826)
	at org.springframework.beans.factory.support.AbstractAutowireCapableBeanFactory.doCreateBean(AbstractAutowireCapableBeanFactory.java:607)
	at org.springframework.beans.factory.support.AbstractAutowireCapableBeanFactory.createBean(AbstractAutowireCapableBeanFactory.java:529)
	at org.springframework.beans.factory.support.AbstractBeanFactory.lambda$doGetBean$0(AbstractBeanFactory.java:339)
	at org.springframework.beans.factory.support.DefaultSingletonBeanRegistry.getSingleton(DefaultSingletonBeanRegistry.java:373)
	at org.springframework.beans.factory.support.AbstractBeanFactory.doGetBean(AbstractBeanFactory.java:337)
	at org.springframework.beans.factory.support.AbstractBeanFactory.getBean(AbstractBeanFactory.java:202)
	at org.springframework.beans.factory.support.AbstractBeanFactory.doGetBean(AbstractBeanFactory.java:315)
	... 10 common frames omitted
Caused by: org.flywaydb.core.internal.exception.FlywaySqlException: Unable to obtain connection from database: Access denied for user 'root'@'localhost' (using password: YES)
----------------------------------------------------------------------------------------------------------
SQL State  : 28000
Error Code : 1045
Message    : Access denied for user 'root'@'localhost' (using password: YES)

	at org.flywaydb.core.internal.jdbc.JdbcUtils.openConnection(JdbcUtils.java:71)
	at org.flywaydb.core.internal.jdbc.JdbcConnectionFactory.<init>(JdbcConnectionFactory.java:76)
	at org.flywaydb.core.FlywayExecutor.execute(FlywayExecutor.java:136)
	at org.flywaydb.core.Flyway.migrate(Flyway.java:188)
	at org.springframework.boot.autoconfigure.flyway.FlywayMigrationInitializer.afterPropertiesSet(FlywayMigrationInitializer.java:66)
	at org.springframework.beans.factory.support.AbstractAutowireCapableBeanFactory.invokeInitMethods(AbstractAutowireCapableBeanFactory.java:1873)
	at org.springframework.beans.factory.support.AbstractAutowireCapableBeanFactory.initializeBean(AbstractAutowireCapableBeanFactory.java:1822)
	... 17 common frames omitted
Caused by: java.sql.SQLException: Access denied for user 'root'@'localhost' (using password: YES)
	at com.mysql.cj.jdbc.exceptions.SQLError.createSQLException(SQLError.java:121)
	at com.mysql.cj.jdbc.exceptions.SQLExceptionsMapping.translateException(SQLExceptionsMapping.java:114)
	at com.mysql.cj.jdbc.ConnectionImpl.createNewIO(ConnectionImpl.java:840)
	at com.mysql.cj.jdbc.ConnectionImpl.<init>(ConnectionImpl.java:416)
	at com.mysql.cj.jdbc.ConnectionImpl.getInstance(ConnectionImpl.java:237)
	at com.mysql.cj.jdbc.NonRegisteringDriver.connect(NonRegisteringDriver.java:180)
	at com.zaxxer.hikari.util.DriverDataSource.getConnection(DriverDataSource.java:144)
	at com.zaxxer.hikari.pool.PoolBase.newConnection(PoolBase.java:370)
	at com.zaxxer.hikari.pool.PoolBase.newPoolEntry(PoolBase.java:207)
	at com.zaxxer.hikari.pool.HikariPool.createPoolEntry(HikariPool.java:488)
	at com.zaxxer.hikari.pool.HikariPool.checkFailFast(HikariPool.java:576)
	at com.zaxxer.hikari.pool.HikariPool.<init>(HikariPool.java:97)
	at com.zaxxer.hikari.HikariDataSource.getConnection(HikariDataSource.java:111)
	at org.flywaydb.core.internal.jdbc.JdbcUtils.openConnection(JdbcUtils.java:59)
	... 23 common frames omitted
2026-05-26 11:16:47.622 [background-preinit] INFO  >>> o.h.validator.internal.util.Version - HV000001: Hibernate Validator 8.0.3.Final
2026-05-26 11:16:47.674 [main] INFO  >>> b.i.p.Produto12026Application - Starting Produto12026Application using Java 25.0.2 with PID 9236 (C:\Users\Petricks\Documents\graduacao\7periodo\back-end\produto1-2026\target\classes started by Petricks in C:\Users\Petricks\Documents\graduacao\7periodo\back-end\produto1-2026)
2026-05-26 11:16:47.675 [main] INFO  >>> b.i.p.Produto12026Application - The following 1 profile is active: "dev"
2026-05-26 11:16:50.253 [main] INFO  >>> o.a.coyote.http11.Http11NioProtocol - Initializing ProtocolHandler ["http-nio-8080"]
2026-05-26 11:16:50.261 [main] INFO  >>> o.a.catalina.core.StandardService - Starting service [Tomcat]
2026-05-26 11:16:50.262 [main] INFO  >>> o.a.catalina.core.StandardEngine - Starting Servlet engine: [Apache Tomcat/10.1.52]
2026-05-26 11:16:50.346 [main] INFO  >>> o.a.c.c.C.[Tomcat].[localhost].[/] - Initializing Spring embedded WebApplicationContext
2026-05-26 11:16:50.879 [main] INFO  >>> com.zaxxer.hikari.HikariDataSource - HikariPool-1 - Starting...
2026-05-26 11:16:52.135 [main] WARN  >>> o.s.b.w.s.c.AnnotationConfigServletWebServerApplicationContext - Exception encountered during context initialization - cancelling refresh attempt: org.springframework.beans.factory.BeanCreationException: Error creating bean with name 'entityManagerFactory' defined in class path resource [org/springframework/boot/autoconfigure/orm/jpa/HibernateJpaConfiguration.class]: Failed to initialize dependency 'flywayInitializer' of LoadTimeWeaverAware bean 'entityManagerFactory': Error creating bean with name 'flywayInitializer' defined in class path resource [org/springframework/boot/autoconfigure/flyway/FlywayAutoConfiguration$FlywayConfiguration.class]: Unable to obtain connection from database: Access denied for user 'root'@'localhost' (using password: YES)
----------------------------------------------------------------------------------------------------------
SQL State  : 28000
Error Code : 1045
Message    : Access denied for user 'root'@'localhost' (using password: YES)

2026-05-26 11:16:52.141 [main] INFO  >>> o.a.catalina.core.StandardService - Stopping service [Tomcat]
2026-05-26 11:16:52.186 [main] ERROR >>> o.s.boot.SpringApplication - Application run failed
org.springframework.beans.factory.BeanCreationException: Error creating bean with name 'entityManagerFactory' defined in class path resource [org/springframework/boot/autoconfigure/orm/jpa/HibernateJpaConfiguration.class]: Failed to initialize dependency 'flywayInitializer' of LoadTimeWeaverAware bean 'entityManagerFactory': Error creating bean with name 'flywayInitializer' defined in class path resource [org/springframework/boot/autoconfigure/flyway/FlywayAutoConfiguration$FlywayConfiguration.class]: Unable to obtain connection from database: Access denied for user 'root'@'localhost' (using password: YES)
----------------------------------------------------------------------------------------------------------
SQL State  : 28000
Error Code : 1045
Message    : Access denied for user 'root'@'localhost' (using password: YES)

	at org.springframework.beans.factory.support.AbstractBeanFactory.doGetBean(AbstractBeanFactory.java:328)
	at org.springframework.beans.factory.support.AbstractBeanFactory.getBean(AbstractBeanFactory.java:207)
	at org.springframework.context.support.AbstractApplicationContext.finishBeanFactoryInitialization(AbstractApplicationContext.java:974)
	at org.springframework.context.support.AbstractApplicationContext.refresh(AbstractApplicationContext.java:628)
	at org.springframework.boot.web.servlet.context.ServletWebServerApplicationContext.refresh(ServletWebServerApplicationContext.java:146)
	at org.springframework.boot.SpringApplication.refresh(SpringApplication.java:752)
	at org.springframework.boot.SpringApplication.refreshContext(SpringApplication.java:439)
	at org.springframework.boot.SpringApplication.run(SpringApplication.java:318)
	at org.springframework.boot.SpringApplication.run(SpringApplication.java:1361)
	at org.springframework.boot.SpringApplication.run(SpringApplication.java:1350)
	at br.ifmg.produto1_2026.Produto12026Application.main(Produto12026Application.java:16)
Caused by: org.springframework.beans.factory.BeanCreationException: Error creating bean with name 'flywayInitializer' defined in class path resource [org/springframework/boot/autoconfigure/flyway/FlywayAutoConfiguration$FlywayConfiguration.class]: Unable to obtain connection from database: Access denied for user 'root'@'localhost' (using password: YES)
----------------------------------------------------------------------------------------------------------
SQL State  : 28000
Error Code : 1045
Message    : Access denied for user 'root'@'localhost' (using password: YES)

	at org.springframework.beans.factory.support.AbstractAutowireCapableBeanFactory.initializeBean(AbstractAutowireCapableBeanFactory.java:1826)
	at org.springframework.beans.factory.support.AbstractAutowireCapableBeanFactory.doCreateBean(AbstractAutowireCapableBeanFactory.java:607)
	at org.springframework.beans.factory.support.AbstractAutowireCapableBeanFactory.createBean(AbstractAutowireCapableBeanFactory.java:529)
	at org.springframework.beans.factory.support.AbstractBeanFactory.lambda$doGetBean$0(AbstractBeanFactory.java:339)
	at org.springframework.beans.factory.support.DefaultSingletonBeanRegistry.getSingleton(DefaultSingletonBeanRegistry.java:373)
	at org.springframework.beans.factory.support.AbstractBeanFactory.doGetBean(AbstractBeanFactory.java:337)
	at org.springframework.beans.factory.support.AbstractBeanFactory.getBean(AbstractBeanFactory.java:202)
	at org.springframework.beans.factory.support.AbstractBeanFactory.doGetBean(AbstractBeanFactory.java:315)
	... 10 common frames omitted
Caused by: org.flywaydb.core.internal.exception.FlywaySqlException: Unable to obtain connection from database: Access denied for user 'root'@'localhost' (using password: YES)
----------------------------------------------------------------------------------------------------------
SQL State  : 28000
Error Code : 1045
Message    : Access denied for user 'root'@'localhost' (using password: YES)

	at org.flywaydb.core.internal.jdbc.JdbcUtils.openConnection(JdbcUtils.java:71)
	at org.flywaydb.core.internal.jdbc.JdbcConnectionFactory.<init>(JdbcConnectionFactory.java:76)
	at org.flywaydb.core.FlywayExecutor.execute(FlywayExecutor.java:136)
	at org.flywaydb.core.Flyway.migrate(Flyway.java:188)
	at org.springframework.boot.autoconfigure.flyway.FlywayMigrationInitializer.afterPropertiesSet(FlywayMigrationInitializer.java:66)
	at org.springframework.beans.factory.support.AbstractAutowireCapableBeanFactory.invokeInitMethods(AbstractAutowireCapableBeanFactory.java:1873)
	at org.springframework.beans.factory.support.AbstractAutowireCapableBeanFactory.initializeBean(AbstractAutowireCapableBeanFactory.java:1822)
	... 17 common frames omitted
Caused by: java.sql.SQLException: Access denied for user 'root'@'localhost' (using password: YES)
	at com.mysql.cj.jdbc.exceptions.SQLError.createSQLException(SQLError.java:121)
	at com.mysql.cj.jdbc.exceptions.SQLExceptionsMapping.translateException(SQLExceptionsMapping.java:114)
	at com.mysql.cj.jdbc.ConnectionImpl.createNewIO(ConnectionImpl.java:840)
	at com.mysql.cj.jdbc.ConnectionImpl.<init>(ConnectionImpl.java:416)
	at com.mysql.cj.jdbc.ConnectionImpl.getInstance(ConnectionImpl.java:237)
	at com.mysql.cj.jdbc.NonRegisteringDriver.connect(NonRegisteringDriver.java:180)
	at com.zaxxer.hikari.util.DriverDataSource.getConnection(DriverDataSource.java:144)
	at com.zaxxer.hikari.pool.PoolBase.newConnection(PoolBase.java:370)
	at com.zaxxer.hikari.pool.PoolBase.newPoolEntry(PoolBase.java:207)
	at com.zaxxer.hikari.pool.HikariPool.createPoolEntry(HikariPool.java:488)
	at com.zaxxer.hikari.pool.HikariPool.checkFailFast(HikariPool.java:576)
	at com.zaxxer.hikari.pool.HikariPool.<init>(HikariPool.java:97)
	at com.zaxxer.hikari.HikariDataSource.getConnection(HikariDataSource.java:111)
	at org.flywaydb.core.internal.jdbc.JdbcUtils.openConnection(JdbcUtils.java:59)
	... 23 common frames omitted
2026-05-26 11:17:53.146 [background-preinit] INFO  >>> o.h.validator.internal.util.Version - HV000001: Hibernate Validator 8.0.3.Final
2026-05-26 11:17:53.229 [main] INFO  >>> b.i.p.Produto12026Application - Starting Produto12026Application using Java 25.0.2 with PID 41916 (C:\Users\Petricks\Documents\graduacao\7periodo\back-end\produto1-2026\target\classes started by Petricks in C:\Users\Petricks\Documents\graduacao\7periodo\back-end\produto1-2026)
2026-05-26 11:17:53.230 [main] INFO  >>> b.i.p.Produto12026Application - The following 1 profile is active: "dev"
2026-05-26 11:17:56.371 [main] INFO  >>> o.a.coyote.http11.Http11NioProtocol - Initializing ProtocolHandler ["http-nio-8080"]
2026-05-26 11:17:56.375 [main] INFO  >>> o.a.catalina.core.StandardService - Starting service [Tomcat]
2026-05-26 11:17:56.376 [main] INFO  >>> o.a.catalina.core.StandardEngine - Starting Servlet engine: [Apache Tomcat/10.1.52]
2026-05-26 11:17:56.460 [main] INFO  >>> o.a.c.c.C.[Tomcat].[localhost].[/] - Initializing Spring embedded WebApplicationContext
2026-05-26 11:17:56.901 [main] INFO  >>> com.zaxxer.hikari.HikariDataSource - HikariPool-1 - Starting...
2026-05-26 11:17:58.143 [main] WARN  >>> o.s.b.w.s.c.AnnotationConfigServletWebServerApplicationContext - Exception encountered during context initialization - cancelling refresh attempt: org.springframework.beans.factory.BeanCreationException: Error creating bean with name 'entityManagerFactory' defined in class path resource [org/springframework/boot/autoconfigure/orm/jpa/HibernateJpaConfiguration.class]: Failed to initialize dependency 'flywayInitializer' of LoadTimeWeaverAware bean 'entityManagerFactory': Error creating bean with name 'flywayInitializer' defined in class path resource [org/springframework/boot/autoconfigure/flyway/FlywayAutoConfiguration$FlywayConfiguration.class]: Unable to obtain connection from database: Access denied for user 'root'@'localhost' (using password: YES)
----------------------------------------------------------------------------------------------------------
SQL State  : 28000
Error Code : 1045
Message    : Access denied for user 'root'@'localhost' (using password: YES)

2026-05-26 11:17:58.151 [main] INFO  >>> o.a.catalina.core.StandardService - Stopping service [Tomcat]
2026-05-26 11:17:58.200 [main] ERROR >>> o.s.boot.SpringApplication - Application run failed
org.springframework.beans.factory.BeanCreationException: Error creating bean with name 'entityManagerFactory' defined in class path resource [org/springframework/boot/autoconfigure/orm/jpa/HibernateJpaConfiguration.class]: Failed to initialize dependency 'flywayInitializer' of LoadTimeWeaverAware bean 'entityManagerFactory': Error creating bean with name 'flywayInitializer' defined in class path resource [org/springframework/boot/autoconfigure/flyway/FlywayAutoConfiguration$FlywayConfiguration.class]: Unable to obtain connection from database: Access denied for user 'root'@'localhost' (using password: YES)
----------------------------------------------------------------------------------------------------------
SQL State  : 28000
Error Code : 1045
Message    : Access denied for user 'root'@'localhost' (using password: YES)

	at org.springframework.beans.factory.support.AbstractBeanFactory.doGetBean(AbstractBeanFactory.java:328)
	at org.springframework.beans.factory.support.AbstractBeanFactory.getBean(AbstractBeanFactory.java:207)
	at org.springframework.context.support.AbstractApplicationContext.finishBeanFactoryInitialization(AbstractApplicationContext.java:974)
	at org.springframework.context.support.AbstractApplicationContext.refresh(AbstractApplicationContext.java:628)
	at org.springframework.boot.web.servlet.context.ServletWebServerApplicationContext.refresh(ServletWebServerApplicationContext.java:146)
	at org.springframework.boot.SpringApplication.refresh(SpringApplication.java:752)
	at org.springframework.boot.SpringApplication.refreshContext(SpringApplication.java:439)
	at org.springframework.boot.SpringApplication.run(SpringApplication.java:318)
	at org.springframework.boot.SpringApplication.run(SpringApplication.java:1361)
	at org.springframework.boot.SpringApplication.run(SpringApplication.java:1350)
	at br.ifmg.produto1_2026.Produto12026Application.main(Produto12026Application.java:16)
Caused by: org.springframework.beans.factory.BeanCreationException: Error creating bean with name 'flywayInitializer' defined in class path resource [org/springframework/boot/autoconfigure/flyway/FlywayAutoConfiguration$FlywayConfiguration.class]: Unable to obtain connection from database: Access denied for user 'root'@'localhost' (using password: YES)
----------------------------------------------------------------------------------------------------------
SQL State  : 28000
Error Code : 1045
Message    : Access denied for user 'root'@'localhost' (using password: YES)

	at org.springframework.beans.factory.support.AbstractAutowireCapableBeanFactory.initializeBean(AbstractAutowireCapableBeanFactory.java:1826)
	at org.springframework.beans.factory.support.AbstractAutowireCapableBeanFactory.doCreateBean(AbstractAutowireCapableBeanFactory.java:607)
	at org.springframework.beans.factory.support.AbstractAutowireCapableBeanFactory.createBean(AbstractAutowireCapableBeanFactory.java:529)
	at org.springframework.beans.factory.support.AbstractBeanFactory.lambda$doGetBean$0(AbstractBeanFactory.java:339)
	at org.springframework.beans.factory.support.DefaultSingletonBeanRegistry.getSingleton(DefaultSingletonBeanRegistry.java:373)
	at org.springframework.beans.factory.support.AbstractBeanFactory.doGetBean(AbstractBeanFactory.java:337)
	at org.springframework.beans.factory.support.AbstractBeanFactory.getBean(AbstractBeanFactory.java:202)
	at org.springframework.beans.factory.support.AbstractBeanFactory.doGetBean(AbstractBeanFactory.java:315)
	... 10 common frames omitted
Caused by: org.flywaydb.core.internal.exception.FlywaySqlException: Unable to obtain connection from database: Access denied for user 'root'@'localhost' (using password: YES)
----------------------------------------------------------------------------------------------------------
SQL State  : 28000
Error Code : 1045
Message    : Access denied for user 'root'@'localhost' (using password: YES)

	at org.flywaydb.core.internal.jdbc.JdbcUtils.openConnection(JdbcUtils.java:71)
	at org.flywaydb.core.internal.jdbc.JdbcConnectionFactory.<init>(JdbcConnectionFactory.java:76)
	at org.flywaydb.core.FlywayExecutor.execute(FlywayExecutor.java:136)
	at org.flywaydb.core.Flyway.migrate(Flyway.java:188)
	at org.springframework.boot.autoconfigure.flyway.FlywayMigrationInitializer.afterPropertiesSet(FlywayMigrationInitializer.java:66)
	at org.springframework.beans.factory.support.AbstractAutowireCapableBeanFactory.invokeInitMethods(AbstractAutowireCapableBeanFactory.java:1873)
	at org.springframework.beans.factory.support.AbstractAutowireCapableBeanFactory.initializeBean(AbstractAutowireCapableBeanFactory.java:1822)
	... 17 common frames omitted
Caused by: java.sql.SQLException: Access denied for user 'root'@'localhost' (using password: YES)
	at com.mysql.cj.jdbc.exceptions.SQLError.createSQLException(SQLError.java:121)
	at com.mysql.cj.jdbc.exceptions.SQLExceptionsMapping.translateException(SQLExceptionsMapping.java:114)
	at com.mysql.cj.jdbc.ConnectionImpl.createNewIO(ConnectionImpl.java:840)
	at com.mysql.cj.jdbc.ConnectionImpl.<init>(ConnectionImpl.java:416)
	at com.mysql.cj.jdbc.ConnectionImpl.getInstance(ConnectionImpl.java:237)
	at com.mysql.cj.jdbc.NonRegisteringDriver.connect(NonRegisteringDriver.java:180)
	at com.zaxxer.hikari.util.DriverDataSource.getConnection(DriverDataSource.java:144)
	at com.zaxxer.hikari.pool.PoolBase.newConnection(PoolBase.java:370)
	at com.zaxxer.hikari.pool.PoolBase.newPoolEntry(PoolBase.java:207)
	at com.zaxxer.hikari.pool.HikariPool.createPoolEntry(HikariPool.java:488)
	at com.zaxxer.hikari.pool.HikariPool.checkFailFast(HikariPool.java:576)
	at com.zaxxer.hikari.pool.HikariPool.<init>(HikariPool.java:97)
	at com.zaxxer.hikari.HikariDataSource.getConnection(HikariDataSource.java:111)
	at org.flywaydb.core.internal.jdbc.JdbcUtils.openConnection(JdbcUtils.java:59)
	... 23 common frames omitted
2026-05-26 11:20:24.499 [background-preinit] INFO  >>> o.h.validator.internal.util.Version - HV000001: Hibernate Validator 8.0.3.Final
2026-05-26 11:20:24.577 [main] INFO  >>> b.i.p.Produto12026Application - Starting Produto12026Application using Java 25.0.2 with PID 14564 (C:\Users\Petricks\Documents\graduacao\7periodo\back-end\produto1-2026\target\classes started by Petricks in C:\Users\Petricks\Documents\graduacao\7periodo\back-end\produto1-2026)
2026-05-26 11:20:24.579 [main] INFO  >>> b.i.p.Produto12026Application - The following 1 profile is active: "dev"
2026-05-26 11:20:27.419 [main] INFO  >>> o.a.coyote.http11.Http11NioProtocol - Initializing ProtocolHandler ["http-nio-8080"]
2026-05-26 11:20:27.423 [main] INFO  >>> o.a.catalina.core.StandardService - Starting service [Tomcat]
2026-05-26 11:20:27.423 [main] INFO  >>> o.a.catalina.core.StandardEngine - Starting Servlet engine: [Apache Tomcat/10.1.52]
2026-05-26 11:20:27.556 [main] INFO  >>> o.a.c.c.C.[Tomcat].[localhost].[/] - Initializing Spring embedded WebApplicationContext
2026-05-26 11:20:28.066 [main] INFO  >>> com.zaxxer.hikari.HikariDataSource - HikariPool-1 - Starting...
2026-05-26 11:20:28.333 [main] INFO  >>> com.zaxxer.hikari.pool.HikariPool - HikariPool-1 - Added connection com.mysql.cj.jdbc.ConnectionImpl@1c18ee69
2026-05-26 11:20:28.335 [main] INFO  >>> com.zaxxer.hikari.HikariDataSource - HikariPool-1 - Start completed.
2026-05-26 11:20:28.506 [main] INFO  >>> org.flywaydb.core.FlywayExecutor - Database: jdbc:mysql://localhost:3306/products?createDatabaseIfNotExist=true&allowPublicKeyRetrieval=true&useSSL=false&useTimezone=true&serverTimezone=UTC (MySQL 5.5)
2026-05-26 11:20:28.612 [main] INFO  >>> o.f.c.i.s.JdbcTableSchemaHistory - Schema history table `products`.`flyway_schema_history` does not exist yet
2026-05-26 11:20:28.622 [main] INFO  >>> o.f.core.internal.command.DbValidate - Successfully validated 2 migrations (execution time 00:00.051s)
2026-05-26 11:20:28.740 [main] INFO  >>> org.flywaydb.core.Flyway - All configured schemas are empty; baseline operation skipped. A baseline or migration script with a lower version than the baseline version may execute if available. Check the Schemas parameter if this is not intended.
2026-05-26 11:20:28.749 [main] INFO  >>> o.f.c.i.s.JdbcTableSchemaHistory - Creating Schema History table `products`.`flyway_schema_history` ...
2026-05-26 11:20:28.971 [main] INFO  >>> o.f.core.internal.command.DbMigrate - Current version of schema `products`: << Empty Schema >>
2026-05-26 11:20:28.972 [main] WARN  >>> o.f.core.internal.command.DbMigrate - outOfOrder mode is active. Migration of schema `products` may not be reproducible.
2026-05-26 11:20:29.002 [main] INFO  >>> o.f.core.internal.command.DbMigrate - Migrating schema `products` to version "1 - criacao do bd"
2026-05-26 11:20:29.015 [main] WARN  >>> o.f.c.i.s.DefaultSqlScriptExecutor - DB: Can't create database 'products'; database exists (SQL State: HY000 - Error Code: 1007)
2026-05-26 11:20:29.091 [main] INFO  >>> o.f.core.internal.command.DbMigrate - Migrating schema `products` to version "2 - criando tabelas do bd"
2026-05-26 11:20:29.109 [main] ERROR >>> o.f.core.internal.command.DbMigrate - Migration of schema `products` to version "2 - criando tabelas do bd" failed! Please restore backups and roll back database and code!
2026-05-26 11:20:29.138 [main] WARN  >>> o.s.b.w.s.c.AnnotationConfigServletWebServerApplicationContext - Exception encountered during context initialization - cancelling refresh attempt: org.springframework.beans.factory.BeanCreationException: Error creating bean with name 'entityManagerFactory' defined in class path resource [org/springframework/boot/autoconfigure/orm/jpa/HibernateJpaConfiguration.class]: Failed to initialize dependency 'flywayInitializer' of LoadTimeWeaverAware bean 'entityManagerFactory': Error creating bean with name 'flywayInitializer' defined in class path resource [org/springframework/boot/autoconfigure/flyway/FlywayAutoConfiguration$FlywayConfiguration.class]: Script V2__criando_tabelas_do_bd.sql failed
-------------------------------------------
SQL State  : 42000
Error Code : 1064
Message    : You have an error in your SQL syntax; check the manual that corresponds to your MariaDB server version for the right syntax to use near 'TIME ZONE, criado_em TIMESTAMP WITHOUT TIME ZONE, id bigint generated by defa...' at line 1
Location   : db/migration/V2__criando_tabelas_do_bd.sql (C:\Users\Petricks\Documents\graduacao\7periodo\back-end\produto1-2026\target\classes\db\migration\V2__criando_tabelas_do_bd.sql)
Line       : 1
Statement  : Run Flyway with -X option to see the actual statement causing the problem

2026-05-26 11:20:29.138 [main] INFO  >>> com.zaxxer.hikari.HikariDataSource - HikariPool-1 - Shutdown initiated...
2026-05-26 11:20:29.149 [main] INFO  >>> com.zaxxer.hikari.HikariDataSource - HikariPool-1 - Shutdown completed.
2026-05-26 11:20:29.153 [main] INFO  >>> o.a.catalina.core.StandardService - Stopping service [Tomcat]
2026-05-26 11:20:29.204 [main] ERROR >>> o.s.boot.SpringApplication - Application run failed
org.springframework.beans.factory.BeanCreationException: Error creating bean with name 'entityManagerFactory' defined in class path resource [org/springframework/boot/autoconfigure/orm/jpa/HibernateJpaConfiguration.class]: Failed to initialize dependency 'flywayInitializer' of LoadTimeWeaverAware bean 'entityManagerFactory': Error creating bean with name 'flywayInitializer' defined in class path resource [org/springframework/boot/autoconfigure/flyway/FlywayAutoConfiguration$FlywayConfiguration.class]: Script V2__criando_tabelas_do_bd.sql failed
-------------------------------------------
SQL State  : 42000
Error Code : 1064
Message    : You have an error in your SQL syntax; check the manual that corresponds to your MariaDB server version for the right syntax to use near 'TIME ZONE, criado_em TIMESTAMP WITHOUT TIME ZONE, id bigint generated by defa...' at line 1
Location   : db/migration/V2__criando_tabelas_do_bd.sql (C:\Users\Petricks\Documents\graduacao\7periodo\back-end\produto1-2026\target\classes\db\migration\V2__criando_tabelas_do_bd.sql)
Line       : 1
Statement  : Run Flyway with -X option to see the actual statement causing the problem

	at org.springframework.beans.factory.support.AbstractBeanFactory.doGetBean(AbstractBeanFactory.java:328)
	at org.springframework.beans.factory.support.AbstractBeanFactory.getBean(AbstractBeanFactory.java:207)
	at org.springframework.context.support.AbstractApplicationContext.finishBeanFactoryInitialization(AbstractApplicationContext.java:974)
	at org.springframework.context.support.AbstractApplicationContext.refresh(AbstractApplicationContext.java:628)
	at org.springframework.boot.web.servlet.context.ServletWebServerApplicationContext.refresh(ServletWebServerApplicationContext.java:146)
	at org.springframework.boot.SpringApplication.refresh(SpringApplication.java:752)
	at org.springframework.boot.SpringApplication.refreshContext(SpringApplication.java:439)
	at org.springframework.boot.SpringApplication.run(SpringApplication.java:318)
	at org.springframework.boot.SpringApplication.run(SpringApplication.java:1361)
	at org.springframework.boot.SpringApplication.run(SpringApplication.java:1350)
	at br.ifmg.produto1_2026.Produto12026Application.main(Produto12026Application.java:16)
Caused by: org.springframework.beans.factory.BeanCreationException: Error creating bean with name 'flywayInitializer' defined in class path resource [org/springframework/boot/autoconfigure/flyway/FlywayAutoConfiguration$FlywayConfiguration.class]: Script V2__criando_tabelas_do_bd.sql failed
-------------------------------------------
SQL State  : 42000
Error Code : 1064
Message    : You have an error in your SQL syntax; check the manual that corresponds to your MariaDB server version for the right syntax to use near 'TIME ZONE, criado_em TIMESTAMP WITHOUT TIME ZONE, id bigint generated by defa...' at line 1
Location   : db/migration/V2__criando_tabelas_do_bd.sql (C:\Users\Petricks\Documents\graduacao\7periodo\back-end\produto1-2026\target\classes\db\migration\V2__criando_tabelas_do_bd.sql)
Line       : 1
Statement  : Run Flyway with -X option to see the actual statement causing the problem

	at org.springframework.beans.factory.support.AbstractAutowireCapableBeanFactory.initializeBean(AbstractAutowireCapableBeanFactory.java:1826)
	at org.springframework.beans.factory.support.AbstractAutowireCapableBeanFactory.doCreateBean(AbstractAutowireCapableBeanFactory.java:607)
	at org.springframework.beans.factory.support.AbstractAutowireCapableBeanFactory.createBean(AbstractAutowireCapableBeanFactory.java:529)
	at org.springframework.beans.factory.support.AbstractBeanFactory.lambda$doGetBean$0(AbstractBeanFactory.java:339)
	at org.springframework.beans.factory.support.DefaultSingletonBeanRegistry.getSingleton(DefaultSingletonBeanRegistry.java:373)
	at org.springframework.beans.factory.support.AbstractBeanFactory.doGetBean(AbstractBeanFactory.java:337)
	at org.springframework.beans.factory.support.AbstractBeanFactory.getBean(AbstractBeanFactory.java:202)
	at org.springframework.beans.factory.support.AbstractBeanFactory.doGetBean(AbstractBeanFactory.java:315)
	... 10 common frames omitted
Caused by: org.flywaydb.core.internal.exception.FlywayMigrateException: Script V2__criando_tabelas_do_bd.sql failed
-------------------------------------------
SQL State  : 42000
Error Code : 1064
Message    : You have an error in your SQL syntax; check the manual that corresponds to your MariaDB server version for the right syntax to use near 'TIME ZONE, criado_em TIMESTAMP WITHOUT TIME ZONE, id bigint generated by defa...' at line 1
Location   : db/migration/V2__criando_tabelas_do_bd.sql (C:\Users\Petricks\Documents\graduacao\7periodo\back-end\produto1-2026\target\classes\db\migration\V2__criando_tabelas_do_bd.sql)
Line       : 1
Statement  : Run Flyway with -X option to see the actual statement causing the problem

	at org.flywaydb.core.internal.command.DbMigrate.doMigrateGroup(DbMigrate.java:399)
	at org.flywaydb.core.internal.command.DbMigrate.lambda$applyMigrations$1(DbMigrate.java:283)
	at org.flywaydb.core.internal.jdbc.TransactionalExecutionTemplate.execute(TransactionalExecutionTemplate.java:59)
	at org.flywaydb.core.internal.command.DbMigrate.applyMigrations(DbMigrate.java:282)
	at org.flywaydb.core.internal.command.DbMigrate.migrateGroup(DbMigrate.java:255)
	at org.flywaydb.core.internal.command.DbMigrate.lambda$migrateAll$0(DbMigrate.java:153)
	at org.flywaydb.database.mysql.MySQLNamedLockTemplate.execute(MySQLNamedLockTemplate.java:58)
	at org.flywaydb.database.mysql.MySQLConnection.lock(MySQLConnection.java:150)
	at org.flywaydb.core.internal.schemahistory.JdbcTableSchemaHistory.lock(JdbcTableSchemaHistory.java:164)
	at org.flywaydb.core.internal.command.DbMigrate.migrateAll(DbMigrate.java:153)
	at org.flywaydb.core.internal.command.DbMigrate.migrate(DbMigrate.java:104)
	at org.flywaydb.core.Flyway.lambda$migrate$1(Flyway.java:247)
	at org.flywaydb.core.FlywayExecutor.execute(FlywayExecutor.java:210)
	at org.flywaydb.core.Flyway.migrate(Flyway.java:188)
	at org.springframework.boot.autoconfigure.flyway.FlywayMigrationInitializer.afterPropertiesSet(FlywayMigrationInitializer.java:66)
	at org.springframework.beans.factory.support.AbstractAutowireCapableBeanFactory.invokeInitMethods(AbstractAutowireCapableBeanFactory.java:1873)
	at org.springframework.beans.factory.support.AbstractAutowireCapableBeanFactory.initializeBean(AbstractAutowireCapableBeanFactory.java:1822)
	... 17 common frames omitted
Caused by: org.flywaydb.core.internal.sqlscript.FlywaySqlScriptException: Script V2__criando_tabelas_do_bd.sql failed
-------------------------------------------
SQL State  : 42000
Error Code : 1064
Message    : You have an error in your SQL syntax; check the manual that corresponds to your MariaDB server version for the right syntax to use near 'TIME ZONE, criado_em TIMESTAMP WITHOUT TIME ZONE, id bigint generated by defa...' at line 1
Location   : db/migration/V2__criando_tabelas_do_bd.sql (C:\Users\Petricks\Documents\graduacao\7periodo\back-end\produto1-2026\target\classes\db\migration\V2__criando_tabelas_do_bd.sql)
Line       : 1
Statement  : Run Flyway with -X option to see the actual statement causing the problem

	at org.flywaydb.core.internal.sqlscript.DefaultSqlScriptExecutor.handleException(DefaultSqlScriptExecutor.java:256)
	at org.flywaydb.core.internal.sqlscript.DefaultSqlScriptExecutor.executeStatement(DefaultSqlScriptExecutor.java:217)
	at org.flywaydb.core.internal.sqlscript.DefaultSqlScriptExecutor.execute(DefaultSqlScriptExecutor.java:137)
	at org.flywaydb.core.internal.resolver.sql.SqlMigrationExecutor.executeOnce(SqlMigrationExecutor.java:75)
	at org.flywaydb.core.internal.resolver.sql.SqlMigrationExecutor.lambda$execute$0(SqlMigrationExecutor.java:66)
	at org.flywaydb.core.internal.database.DefaultExecutionStrategy.execute(DefaultExecutionStrategy.java:31)
	at org.flywaydb.core.internal.resolver.sql.SqlMigrationExecutor.execute(SqlMigrationExecutor.java:65)
	at org.flywaydb.core.internal.command.DbMigrate.doMigrateGroup(DbMigrate.java:391)
	... 33 common frames omitted
Caused by: java.sql.SQLSyntaxErrorException: You have an error in your SQL syntax; check the manual that corresponds to your MariaDB server version for the right syntax to use near 'TIME ZONE, criado_em TIMESTAMP WITHOUT TIME ZONE, id bigint generated by defa...' at line 1
	at com.mysql.cj.jdbc.exceptions.SQLError.createSQLException(SQLError.java:112)
	at com.mysql.cj.jdbc.exceptions.SQLExceptionsMapping.translateException(SQLExceptionsMapping.java:114)
	at com.mysql.cj.jdbc.StatementImpl.executeInternal(StatementImpl.java:839)
	at com.mysql.cj.jdbc.StatementImpl.execute(StatementImpl.java:687)
	at com.zaxxer.hikari.pool.ProxyStatement.execute(ProxyStatement.java:95)
	at com.zaxxer.hikari.pool.HikariProxyStatement.execute(HikariProxyStatement.java)
	at org.flywaydb.core.internal.jdbc.JdbcTemplate.executeStatement(JdbcTemplate.java:215)
	at org.flywaydb.core.internal.sqlscript.ParsedSqlStatement.execute(ParsedSqlStatement.java:88)
	at org.flywaydb.core.internal.sqlscript.DefaultSqlScriptExecutor.executeStatement(DefaultSqlScriptExecutor.java:212)
	... 39 common frames omitted
2026-05-26 11:25:59.672 [background-preinit] INFO  >>> o.h.validator.internal.util.Version - HV000001: Hibernate Validator 8.0.3.Final
2026-05-26 11:25:59.757 [main] INFO  >>> b.i.p.Produto12026Application - Starting Produto12026Application using Java 25.0.2 with PID 28420 (C:\Users\Petricks\Documents\graduacao\7periodo\back-end\produto1-2026\target\classes started by Petricks in C:\Users\Petricks\Documents\graduacao\7periodo\back-end\produto1-2026)
2026-05-26 11:25:59.758 [main] INFO  >>> b.i.p.Produto12026Application - The following 1 profile is active: "dev"
2026-05-26 11:26:02.518 [main] INFO  >>> o.a.coyote.http11.Http11NioProtocol - Initializing ProtocolHandler ["http-nio-8080"]
2026-05-26 11:26:02.520 [main] INFO  >>> o.a.catalina.core.StandardService - Starting service [Tomcat]
2026-05-26 11:26:02.521 [main] INFO  >>> o.a.catalina.core.StandardEngine - Starting Servlet engine: [Apache Tomcat/10.1.52]
2026-05-26 11:26:02.633 [main] INFO  >>> o.a.c.c.C.[Tomcat].[localhost].[/] - Initializing Spring embedded WebApplicationContext
2026-05-26 11:26:03.132 [main] INFO  >>> com.zaxxer.hikari.HikariDataSource - HikariPool-1 - Starting...
2026-05-26 11:26:03.402 [main] INFO  >>> com.zaxxer.hikari.pool.HikariPool - HikariPool-1 - Added connection com.mysql.cj.jdbc.ConnectionImpl@1c18ee69
2026-05-26 11:26:03.405 [main] INFO  >>> com.zaxxer.hikari.HikariDataSource - HikariPool-1 - Start completed.
2026-05-26 11:26:03.550 [main] INFO  >>> org.flywaydb.core.FlywayExecutor - Database: jdbc:mysql://localhost:3306/products?createDatabaseIfNotExist=true&allowPublicKeyRetrieval=true&useSSL=false&useTimezone=true&serverTimezone=UTC (MySQL 5.5)
2026-05-26 11:26:03.678 [main] WARN  >>> o.s.b.w.s.c.AnnotationConfigServletWebServerApplicationContext - Exception encountered during context initialization - cancelling refresh attempt: org.springframework.beans.factory.BeanCreationException: Error creating bean with name 'entityManagerFactory' defined in class path resource [org/springframework/boot/autoconfigure/orm/jpa/HibernateJpaConfiguration.class]: Failed to initialize dependency 'flywayInitializer' of LoadTimeWeaverAware bean 'entityManagerFactory': Error creating bean with name 'flywayInitializer' defined in class path resource [org/springframework/boot/autoconfigure/flyway/FlywayAutoConfiguration$FlywayConfiguration.class]: Validate failed: Migrations have failed validation
Detected failed migration to version 2 (criando tabelas do bd).
Please remove any half-completed changes then run repair to fix the schema history.
Need more flexibility with validation rules? Learn more: https://rd.gt/3AbJUZE
2026-05-26 11:26:03.679 [main] INFO  >>> com.zaxxer.hikari.HikariDataSource - HikariPool-1 - Shutdown initiated...
2026-05-26 11:26:03.712 [main] INFO  >>> com.zaxxer.hikari.HikariDataSource - HikariPool-1 - Shutdown completed.
2026-05-26 11:26:03.718 [main] INFO  >>> o.a.catalina.core.StandardService - Stopping service [Tomcat]
2026-05-26 11:26:03.761 [main] ERROR >>> o.s.boot.SpringApplication - Application run failed
org.springframework.beans.factory.BeanCreationException: Error creating bean with name 'entityManagerFactory' defined in class path resource [org/springframework/boot/autoconfigure/orm/jpa/HibernateJpaConfiguration.class]: Failed to initialize dependency 'flywayInitializer' of LoadTimeWeaverAware bean 'entityManagerFactory': Error creating bean with name 'flywayInitializer' defined in class path resource [org/springframework/boot/autoconfigure/flyway/FlywayAutoConfiguration$FlywayConfiguration.class]: Validate failed: Migrations have failed validation
Detected failed migration to version 2 (criando tabelas do bd).
Please remove any half-completed changes then run repair to fix the schema history.
Need more flexibility with validation rules? Learn more: https://rd.gt/3AbJUZE
	at org.springframework.beans.factory.support.AbstractBeanFactory.doGetBean(AbstractBeanFactory.java:328)
	at org.springframework.beans.factory.support.AbstractBeanFactory.getBean(AbstractBeanFactory.java:207)
	at org.springframework.context.support.AbstractApplicationContext.finishBeanFactoryInitialization(AbstractApplicationContext.java:974)
	at org.springframework.context.support.AbstractApplicationContext.refresh(AbstractApplicationContext.java:628)
	at org.springframework.boot.web.servlet.context.ServletWebServerApplicationContext.refresh(ServletWebServerApplicationContext.java:146)
	at org.springframework.boot.SpringApplication.refresh(SpringApplication.java:752)
	at org.springframework.boot.SpringApplication.refreshContext(SpringApplication.java:439)
	at org.springframework.boot.SpringApplication.run(SpringApplication.java:318)
	at org.springframework.boot.SpringApplication.run(SpringApplication.java:1361)
	at org.springframework.boot.SpringApplication.run(SpringApplication.java:1350)
	at br.ifmg.produto1_2026.Produto12026Application.main(Produto12026Application.java:16)
Caused by: org.springframework.beans.factory.BeanCreationException: Error creating bean with name 'flywayInitializer' defined in class path resource [org/springframework/boot/autoconfigure/flyway/FlywayAutoConfiguration$FlywayConfiguration.class]: Validate failed: Migrations have failed validation
Detected failed migration to version 2 (criando tabelas do bd).
Please remove any half-completed changes then run repair to fix the schema history.
Need more flexibility with validation rules? Learn more: https://rd.gt/3AbJUZE
	at org.springframework.beans.factory.support.AbstractAutowireCapableBeanFactory.initializeBean(AbstractAutowireCapableBeanFactory.java:1826)
	at org.springframework.beans.factory.support.AbstractAutowireCapableBeanFactory.doCreateBean(AbstractAutowireCapableBeanFactory.java:607)
	at org.springframework.beans.factory.support.AbstractAutowireCapableBeanFactory.createBean(AbstractAutowireCapableBeanFactory.java:529)
	at org.springframework.beans.factory.support.AbstractBeanFactory.lambda$doGetBean$0(AbstractBeanFactory.java:339)
	at org.springframework.beans.factory.support.DefaultSingletonBeanRegistry.getSingleton(DefaultSingletonBeanRegistry.java:373)
	at org.springframework.beans.factory.support.AbstractBeanFactory.doGetBean(AbstractBeanFactory.java:337)
	at org.springframework.beans.factory.support.AbstractBeanFactory.getBean(AbstractBeanFactory.java:202)
	at org.springframework.beans.factory.support.AbstractBeanFactory.doGetBean(AbstractBeanFactory.java:315)
	... 10 common frames omitted
Caused by: org.flywaydb.core.api.exception.FlywayValidateException: Validate failed: Migrations have failed validation
Detected failed migration to version 2 (criando tabelas do bd).
Please remove any half-completed changes then run repair to fix the schema history.
Need more flexibility with validation rules? Learn more: https://rd.gt/3AbJUZE
	at org.flywaydb.core.Flyway.lambda$migrate$1(Flyway.java:201)
	at org.flywaydb.core.FlywayExecutor.execute(FlywayExecutor.java:210)
	at org.flywaydb.core.Flyway.migrate(Flyway.java:188)
	at org.springframework.boot.autoconfigure.flyway.FlywayMigrationInitializer.afterPropertiesSet(FlywayMigrationInitializer.java:66)
	at org.springframework.beans.factory.support.AbstractAutowireCapableBeanFactory.invokeInitMethods(AbstractAutowireCapableBeanFactory.java:1873)
	at org.springframework.beans.factory.support.AbstractAutowireCapableBeanFactory.initializeBean(AbstractAutowireCapableBeanFactory.java:1822)
	... 17 common frames omitted
2026-05-26 11:33:06.241 [background-preinit] INFO  >>> o.h.validator.internal.util.Version - HV000001: Hibernate Validator 8.0.3.Final
2026-05-26 11:33:06.345 [main] INFO  >>> b.i.p.Produto12026Application - Starting Produto12026Application using Java 25.0.2 with PID 21748 (C:\Users\Petricks\Documents\graduacao\7periodo\back-end\produto1-2026\target\classes started by Petricks in C:\Users\Petricks\Documents\graduacao\7periodo\back-end\produto1-2026)
2026-05-26 11:33:06.347 [main] INFO  >>> b.i.p.Produto12026Application - The following 1 profile is active: "dev"
2026-05-26 11:33:09.017 [main] INFO  >>> o.a.coyote.http11.Http11NioProtocol - Initializing ProtocolHandler ["http-nio-8080"]
2026-05-26 11:33:09.020 [main] INFO  >>> o.a.catalina.core.StandardService - Starting service [Tomcat]
2026-05-26 11:33:09.020 [main] INFO  >>> o.a.catalina.core.StandardEngine - Starting Servlet engine: [Apache Tomcat/10.1.52]
2026-05-26 11:33:09.108 [main] INFO  >>> o.a.c.c.C.[Tomcat].[localhost].[/] - Initializing Spring embedded WebApplicationContext
2026-05-26 11:33:09.676 [main] INFO  >>> com.zaxxer.hikari.HikariDataSource - HikariPool-1 - Starting...
2026-05-26 11:33:09.939 [main] INFO  >>> com.zaxxer.hikari.pool.HikariPool - HikariPool-1 - Added connection com.mysql.cj.jdbc.ConnectionImpl@318e3942
2026-05-26 11:33:09.941 [main] INFO  >>> com.zaxxer.hikari.HikariDataSource - HikariPool-1 - Start completed.
2026-05-26 11:33:10.107 [main] INFO  >>> org.flywaydb.core.FlywayExecutor - Database: jdbc:mysql://localhost:3306/products?createDatabaseIfNotExist=true&allowPublicKeyRetrieval=true&useSSL=false&useTimezone=true&serverTimezone=UTC (MySQL 5.5)
2026-05-26 11:33:10.219 [main] WARN  >>> o.s.b.w.s.c.AnnotationConfigServletWebServerApplicationContext - Exception encountered during context initialization - cancelling refresh attempt: org.springframework.beans.factory.BeanCreationException: Error creating bean with name 'entityManagerFactory' defined in class path resource [org/springframework/boot/autoconfigure/orm/jpa/HibernateJpaConfiguration.class]: Failed to initialize dependency 'flywayInitializer' of LoadTimeWeaverAware bean 'entityManagerFactory': Error creating bean with name 'flywayInitializer' defined in class path resource [org/springframework/boot/autoconfigure/flyway/FlywayAutoConfiguration$FlywayConfiguration.class]: Validate failed: Migrations have failed validation
Detected failed migration to version 2 (criando tabelas do bd).
Please remove any half-completed changes then run repair to fix the schema history.
Need more flexibility with validation rules? Learn more: https://rd.gt/3AbJUZE
2026-05-26 11:33:10.220 [main] INFO  >>> com.zaxxer.hikari.HikariDataSource - HikariPool-1 - Shutdown initiated...
2026-05-26 11:33:10.244 [main] INFO  >>> com.zaxxer.hikari.HikariDataSource - HikariPool-1 - Shutdown completed.
2026-05-26 11:33:10.252 [main] INFO  >>> o.a.catalina.core.StandardService - Stopping service [Tomcat]
2026-05-26 11:33:10.312 [main] ERROR >>> o.s.boot.SpringApplication - Application run failed
org.springframework.beans.factory.BeanCreationException: Error creating bean with name 'entityManagerFactory' defined in class path resource [org/springframework/boot/autoconfigure/orm/jpa/HibernateJpaConfiguration.class]: Failed to initialize dependency 'flywayInitializer' of LoadTimeWeaverAware bean 'entityManagerFactory': Error creating bean with name 'flywayInitializer' defined in class path resource [org/springframework/boot/autoconfigure/flyway/FlywayAutoConfiguration$FlywayConfiguration.class]: Validate failed: Migrations have failed validation
Detected failed migration to version 2 (criando tabelas do bd).
Please remove any half-completed changes then run repair to fix the schema history.
Need more flexibility with validation rules? Learn more: https://rd.gt/3AbJUZE
	at org.springframework.beans.factory.support.AbstractBeanFactory.doGetBean(AbstractBeanFactory.java:328)
	at org.springframework.beans.factory.support.AbstractBeanFactory.getBean(AbstractBeanFactory.java:207)
	at org.springframework.context.support.AbstractApplicationContext.finishBeanFactoryInitialization(AbstractApplicationContext.java:974)
	at org.springframework.context.support.AbstractApplicationContext.refresh(AbstractApplicationContext.java:628)
	at org.springframework.boot.web.servlet.context.ServletWebServerApplicationContext.refresh(ServletWebServerApplicationContext.java:146)
	at org.springframework.boot.SpringApplication.refresh(SpringApplication.java:752)
	at org.springframework.boot.SpringApplication.refreshContext(SpringApplication.java:439)
	at org.springframework.boot.SpringApplication.run(SpringApplication.java:318)
	at org.springframework.boot.SpringApplication.run(SpringApplication.java:1361)
	at org.springframework.boot.SpringApplication.run(SpringApplication.java:1350)
	at br.ifmg.produto1_2026.Produto12026Application.main(Produto12026Application.java:16)
Caused by: org.springframework.beans.factory.BeanCreationException: Error creating bean with name 'flywayInitializer' defined in class path resource [org/springframework/boot/autoconfigure/flyway/FlywayAutoConfiguration$FlywayConfiguration.class]: Validate failed: Migrations have failed validation
Detected failed migration to version 2 (criando tabelas do bd).
Please remove any half-completed changes then run repair to fix the schema history.
Need more flexibility with validation rules? Learn more: https://rd.gt/3AbJUZE
	at org.springframework.beans.factory.support.AbstractAutowireCapableBeanFactory.initializeBean(AbstractAutowireCapableBeanFactory.java:1826)
	at org.springframework.beans.factory.support.AbstractAutowireCapableBeanFactory.doCreateBean(AbstractAutowireCapableBeanFactory.java:607)
	at org.springframework.beans.factory.support.AbstractAutowireCapableBeanFactory.createBean(AbstractAutowireCapableBeanFactory.java:529)
	at org.springframework.beans.factory.support.AbstractBeanFactory.lambda$doGetBean$0(AbstractBeanFactory.java:339)
	at org.springframework.beans.factory.support.DefaultSingletonBeanRegistry.getSingleton(DefaultSingletonBeanRegistry.java:373)
	at org.springframework.beans.factory.support.AbstractBeanFactory.doGetBean(AbstractBeanFactory.java:337)
	at org.springframework.beans.factory.support.AbstractBeanFactory.getBean(AbstractBeanFactory.java:202)
	at org.springframework.beans.factory.support.AbstractBeanFactory.doGetBean(AbstractBeanFactory.java:315)
	... 10 common frames omitted
Caused by: org.flywaydb.core.api.exception.FlywayValidateException: Validate failed: Migrations have failed validation
Detected failed migration to version 2 (criando tabelas do bd).
Please remove any half-completed changes then run repair to fix the schema history.
Need more flexibility with validation rules? Learn more: https://rd.gt/3AbJUZE
	at org.flywaydb.core.Flyway.lambda$migrate$1(Flyway.java:201)
	at org.flywaydb.core.FlywayExecutor.execute(FlywayExecutor.java:210)
	at org.flywaydb.core.Flyway.migrate(Flyway.java:188)
	at org.springframework.boot.autoconfigure.flyway.FlywayMigrationInitializer.afterPropertiesSet(FlywayMigrationInitializer.java:66)
	at org.springframework.beans.factory.support.AbstractAutowireCapableBeanFactory.invokeInitMethods(AbstractAutowireCapableBeanFactory.java:1873)
	at org.springframework.beans.factory.support.AbstractAutowireCapableBeanFactory.initializeBean(AbstractAutowireCapableBeanFactory.java:1822)
	... 17 common frames omitted
2026-05-26 11:33:52.154 [background-preinit] INFO  >>> o.h.validator.internal.util.Version - HV000001: Hibernate Validator 8.0.3.Final
2026-05-26 11:33:52.220 [main] INFO  >>> b.i.p.Produto12026Application - Starting Produto12026Application using Java 25.0.2 with PID 35400 (C:\Users\Petricks\Documents\graduacao\7periodo\back-end\produto1-2026\target\classes started by Petricks in C:\Users\Petricks\Documents\graduacao\7periodo\back-end\produto1-2026)
2026-05-26 11:33:52.222 [main] INFO  >>> b.i.p.Produto12026Application - The following 1 profile is active: "dev"
2026-05-26 11:33:55.623 [main] INFO  >>> o.a.coyote.http11.Http11NioProtocol - Initializing ProtocolHandler ["http-nio-8080"]
2026-05-26 11:33:55.623 [main] INFO  >>> o.a.catalina.core.StandardService - Starting service [Tomcat]
2026-05-26 11:33:55.623 [main] INFO  >>> o.a.catalina.core.StandardEngine - Starting Servlet engine: [Apache Tomcat/10.1.52]
2026-05-26 11:33:55.846 [main] INFO  >>> o.a.c.c.C.[Tomcat].[localhost].[/] - Initializing Spring embedded WebApplicationContext
2026-05-26 11:33:56.895 [main] INFO  >>> com.zaxxer.hikari.HikariDataSource - HikariPool-1 - Starting...
2026-05-26 11:33:57.441 [main] INFO  >>> com.zaxxer.hikari.pool.HikariPool - HikariPool-1 - Added connection com.mysql.cj.jdbc.ConnectionImpl@72a3462f
2026-05-26 11:33:57.450 [main] INFO  >>> com.zaxxer.hikari.HikariDataSource - HikariPool-1 - Start completed.
2026-05-26 11:33:57.761 [main] INFO  >>> org.flywaydb.core.FlywayExecutor - Database: jdbc:mysql://localhost:3306/products?createDatabaseIfNotExist=true&allowPublicKeyRetrieval=true&useSSL=false&useTimezone=true&serverTimezone=UTC (MySQL 5.5)
2026-05-26 11:33:57.892 [main] INFO  >>> o.f.c.i.s.JdbcTableSchemaHistory - Schema history table `products`.`flyway_schema_history` does not exist yet
2026-05-26 11:33:57.898 [main] INFO  >>> o.f.core.internal.command.DbValidate - Successfully validated 2 migrations (execution time 00:00.066s)
2026-05-26 11:33:58.082 [main] INFO  >>> org.flywaydb.core.Flyway - All configured schemas are empty; baseline operation skipped. A baseline or migration script with a lower version than the baseline version may execute if available. Check the Schemas parameter if this is not intended.
2026-05-26 11:33:58.091 [main] INFO  >>> o.f.c.i.s.JdbcTableSchemaHistory - Creating Schema History table `products`.`flyway_schema_history` ...
2026-05-26 11:33:58.241 [main] INFO  >>> o.f.core.internal.command.DbMigrate - Current version of schema `products`: << Empty Schema >>
2026-05-26 11:33:58.241 [main] WARN  >>> o.f.core.internal.command.DbMigrate - outOfOrder mode is active. Migration of schema `products` may not be reproducible.
2026-05-26 11:33:58.264 [main] INFO  >>> o.f.core.internal.command.DbMigrate - Migrating schema `products` to version "1 - criacao do bd"
2026-05-26 11:33:58.299 [main] WARN  >>> o.f.c.i.s.DefaultSqlScriptExecutor - DB: Can't create database 'products'; database exists (SQL State: HY000 - Error Code: 1007)
2026-05-26 11:33:58.414 [main] INFO  >>> o.f.core.internal.command.DbMigrate - Migrating schema `products` to version "2 - criando tabelas do bd"
2026-05-26 11:33:58.430 [main] ERROR >>> o.f.core.internal.command.DbMigrate - Migration of schema `products` to version "2 - criando tabelas do bd" failed! Please restore backups and roll back database and code!
2026-05-26 11:33:58.478 [main] WARN  >>> o.s.b.w.s.c.AnnotationConfigServletWebServerApplicationContext - Exception encountered during context initialization - cancelling refresh attempt: org.springframework.beans.factory.BeanCreationException: Error creating bean with name 'entityManagerFactory' defined in class path resource [org/springframework/boot/autoconfigure/orm/jpa/HibernateJpaConfiguration.class]: Failed to initialize dependency 'flywayInitializer' of LoadTimeWeaverAware bean 'entityManagerFactory': Error creating bean with name 'flywayInitializer' defined in class path resource [org/springframework/boot/autoconfigure/flyway/FlywayAutoConfiguration$FlywayConfiguration.class]: Script V2__criando_tabelas_do_bd.sql failed
-------------------------------------------
SQL State  : 42000
Error Code : 1064
Message    : You have an error in your SQL syntax; check the manual that corresponds to your MariaDB server version for the right syntax to use near 'TIME ZONE, criado_em TIMESTAMP WITHOUT TIME ZONE, id bigint generated by defa...' at line 1
Location   : db/migration/V2__criando_tabelas_do_bd.sql (C:\Users\Petricks\Documents\graduacao\7periodo\back-end\produto1-2026\target\classes\db\migration\V2__criando_tabelas_do_bd.sql)
Line       : 1
Statement  : Run Flyway with -X option to see the actual statement causing the problem

2026-05-26 11:33:58.478 [main] INFO  >>> com.zaxxer.hikari.HikariDataSource - HikariPool-1 - Shutdown initiated...
2026-05-26 11:33:58.510 [main] INFO  >>> com.zaxxer.hikari.HikariDataSource - HikariPool-1 - Shutdown completed.
2026-05-26 11:33:58.510 [main] INFO  >>> o.a.catalina.core.StandardService - Stopping service [Tomcat]
2026-05-26 11:33:58.622 [main] ERROR >>> o.s.boot.SpringApplication - Application run failed
org.springframework.beans.factory.BeanCreationException: Error creating bean with name 'entityManagerFactory' defined in class path resource [org/springframework/boot/autoconfigure/orm/jpa/HibernateJpaConfiguration.class]: Failed to initialize dependency 'flywayInitializer' of LoadTimeWeaverAware bean 'entityManagerFactory': Error creating bean with name 'flywayInitializer' defined in class path resource [org/springframework/boot/autoconfigure/flyway/FlywayAutoConfiguration$FlywayConfiguration.class]: Script V2__criando_tabelas_do_bd.sql failed
-------------------------------------------
SQL State  : 42000
Error Code : 1064
Message    : You have an error in your SQL syntax; check the manual that corresponds to your MariaDB server version for the right syntax to use near 'TIME ZONE, criado_em TIMESTAMP WITHOUT TIME ZONE, id bigint generated by defa...' at line 1
Location   : db/migration/V2__criando_tabelas_do_bd.sql (C:\Users\Petricks\Documents\graduacao\7periodo\back-end\produto1-2026\target\classes\db\migration\V2__criando_tabelas_do_bd.sql)
Line       : 1
Statement  : Run Flyway with -X option to see the actual statement causing the problem

	at org.springframework.beans.factory.support.AbstractBeanFactory.doGetBean(AbstractBeanFactory.java:328)
	at org.springframework.beans.factory.support.AbstractBeanFactory.getBean(AbstractBeanFactory.java:207)
	at org.springframework.context.support.AbstractApplicationContext.finishBeanFactoryInitialization(AbstractApplicationContext.java:974)
	at org.springframework.context.support.AbstractApplicationContext.refresh(AbstractApplicationContext.java:628)
	at org.springframework.boot.web.servlet.context.ServletWebServerApplicationContext.refresh(ServletWebServerApplicationContext.java:146)
	at org.springframework.boot.SpringApplication.refresh(SpringApplication.java:752)
	at org.springframework.boot.SpringApplication.refreshContext(SpringApplication.java:439)
	at org.springframework.boot.SpringApplication.run(SpringApplication.java:318)
	at org.springframework.boot.SpringApplication.run(SpringApplication.java:1361)
	at org.springframework.boot.SpringApplication.run(SpringApplication.java:1350)
	at br.ifmg.produto1_2026.Produto12026Application.main(Produto12026Application.java:16)
Caused by: org.springframework.beans.factory.BeanCreationException: Error creating bean with name 'flywayInitializer' defined in class path resource [org/springframework/boot/autoconfigure/flyway/FlywayAutoConfiguration$FlywayConfiguration.class]: Script V2__criando_tabelas_do_bd.sql failed
-------------------------------------------
SQL State  : 42000
Error Code : 1064
Message    : You have an error in your SQL syntax; check the manual that corresponds to your MariaDB server version for the right syntax to use near 'TIME ZONE, criado_em TIMESTAMP WITHOUT TIME ZONE, id bigint generated by defa...' at line 1
Location   : db/migration/V2__criando_tabelas_do_bd.sql (C:\Users\Petricks\Documents\graduacao\7periodo\back-end\produto1-2026\target\classes\db\migration\V2__criando_tabelas_do_bd.sql)
Line       : 1
Statement  : Run Flyway with -X option to see the actual statement causing the problem

	at org.springframework.beans.factory.support.AbstractAutowireCapableBeanFactory.initializeBean(AbstractAutowireCapableBeanFactory.java:1826)
	at org.springframework.beans.factory.support.AbstractAutowireCapableBeanFactory.doCreateBean(AbstractAutowireCapableBeanFactory.java:607)
	at org.springframework.beans.factory.support.AbstractAutowireCapableBeanFactory.createBean(AbstractAutowireCapableBeanFactory.java:529)
	at org.springframework.beans.factory.support.AbstractBeanFactory.lambda$doGetBean$0(AbstractBeanFactory.java:339)
	at org.springframework.beans.factory.support.DefaultSingletonBeanRegistry.getSingleton(DefaultSingletonBeanRegistry.java:373)
	at org.springframework.beans.factory.support.AbstractBeanFactory.doGetBean(AbstractBeanFactory.java:337)
	at org.springframework.beans.factory.support.AbstractBeanFactory.getBean(AbstractBeanFactory.java:202)
	at org.springframework.beans.factory.support.AbstractBeanFactory.doGetBean(AbstractBeanFactory.java:315)
	... 10 common frames omitted
Caused by: org.flywaydb.core.internal.exception.FlywayMigrateException: Script V2__criando_tabelas_do_bd.sql failed
-------------------------------------------
SQL State  : 42000
Error Code : 1064
Message    : You have an error in your SQL syntax; check the manual that corresponds to your MariaDB server version for the right syntax to use near 'TIME ZONE, criado_em TIMESTAMP WITHOUT TIME ZONE, id bigint generated by defa...' at line 1
Location   : db/migration/V2__criando_tabelas_do_bd.sql (C:\Users\Petricks\Documents\graduacao\7periodo\back-end\produto1-2026\target\classes\db\migration\V2__criando_tabelas_do_bd.sql)
Line       : 1
Statement  : Run Flyway with -X option to see the actual statement causing the problem

	at org.flywaydb.core.internal.command.DbMigrate.doMigrateGroup(DbMigrate.java:399)
	at org.flywaydb.core.internal.command.DbMigrate.lambda$applyMigrations$1(DbMigrate.java:283)
	at org.flywaydb.core.internal.jdbc.TransactionalExecutionTemplate.execute(TransactionalExecutionTemplate.java:59)
	at org.flywaydb.core.internal.command.DbMigrate.applyMigrations(DbMigrate.java:282)
	at org.flywaydb.core.internal.command.DbMigrate.migrateGroup(DbMigrate.java:255)
	at org.flywaydb.core.internal.command.DbMigrate.lambda$migrateAll$0(DbMigrate.java:153)
	at org.flywaydb.database.mysql.MySQLNamedLockTemplate.execute(MySQLNamedLockTemplate.java:58)
	at org.flywaydb.database.mysql.MySQLConnection.lock(MySQLConnection.java:150)
	at org.flywaydb.core.internal.schemahistory.JdbcTableSchemaHistory.lock(JdbcTableSchemaHistory.java:164)
	at org.flywaydb.core.internal.command.DbMigrate.migrateAll(DbMigrate.java:153)
	at org.flywaydb.core.internal.command.DbMigrate.migrate(DbMigrate.java:104)
	at org.flywaydb.core.Flyway.lambda$migrate$1(Flyway.java:247)
	at org.flywaydb.core.FlywayExecutor.execute(FlywayExecutor.java:210)
	at org.flywaydb.core.Flyway.migrate(Flyway.java:188)
	at org.springframework.boot.autoconfigure.flyway.FlywayMigrationInitializer.afterPropertiesSet(FlywayMigrationInitializer.java:66)
	at org.springframework.beans.factory.support.AbstractAutowireCapableBeanFactory.invokeInitMethods(AbstractAutowireCapableBeanFactory.java:1873)
	at org.springframework.beans.factory.support.AbstractAutowireCapableBeanFactory.initializeBean(AbstractAutowireCapableBeanFactory.java:1822)
	... 17 common frames omitted
Caused by: org.flywaydb.core.internal.sqlscript.FlywaySqlScriptException: Script V2__criando_tabelas_do_bd.sql failed
-------------------------------------------
SQL State  : 42000
Error Code : 1064
Message    : You have an error in your SQL syntax; check the manual that corresponds to your MariaDB server version for the right syntax to use near 'TIME ZONE, criado_em TIMESTAMP WITHOUT TIME ZONE, id bigint generated by defa...' at line 1
Location   : db/migration/V2__criando_tabelas_do_bd.sql (C:\Users\Petricks\Documents\graduacao\7periodo\back-end\produto1-2026\target\classes\db\migration\V2__criando_tabelas_do_bd.sql)
Line       : 1
Statement  : Run Flyway with -X option to see the actual statement causing the problem

	at org.flywaydb.core.internal.sqlscript.DefaultSqlScriptExecutor.handleException(DefaultSqlScriptExecutor.java:256)
	at org.flywaydb.core.internal.sqlscript.DefaultSqlScriptExecutor.executeStatement(DefaultSqlScriptExecutor.java:217)
	at org.flywaydb.core.internal.sqlscript.DefaultSqlScriptExecutor.execute(DefaultSqlScriptExecutor.java:137)
	at org.flywaydb.core.internal.resolver.sql.SqlMigrationExecutor.executeOnce(SqlMigrationExecutor.java:75)
	at org.flywaydb.core.internal.resolver.sql.SqlMigrationExecutor.lambda$execute$0(SqlMigrationExecutor.java:66)
	at org.flywaydb.core.internal.database.DefaultExecutionStrategy.execute(DefaultExecutionStrategy.java:31)
	at org.flywaydb.core.internal.resolver.sql.SqlMigrationExecutor.execute(SqlMigrationExecutor.java:65)
	at org.flywaydb.core.internal.command.DbMigrate.doMigrateGroup(DbMigrate.java:391)
	... 33 common frames omitted
Caused by: java.sql.SQLSyntaxErrorException: You have an error in your SQL syntax; check the manual that corresponds to your MariaDB server version for the right syntax to use near 'TIME ZONE, criado_em TIMESTAMP WITHOUT TIME ZONE, id bigint generated by defa...' at line 1
	at com.mysql.cj.jdbc.exceptions.SQLError.createSQLException(SQLError.java:112)
	at com.mysql.cj.jdbc.exceptions.SQLExceptionsMapping.translateException(SQLExceptionsMapping.java:114)
	at com.mysql.cj.jdbc.StatementImpl.executeInternal(StatementImpl.java:839)
	at com.mysql.cj.jdbc.StatementImpl.execute(StatementImpl.java:687)
	at com.zaxxer.hikari.pool.ProxyStatement.execute(ProxyStatement.java:95)
	at com.zaxxer.hikari.pool.HikariProxyStatement.execute(HikariProxyStatement.java)
	at org.flywaydb.core.internal.jdbc.JdbcTemplate.executeStatement(JdbcTemplate.java:215)
	at org.flywaydb.core.internal.sqlscript.ParsedSqlStatement.execute(ParsedSqlStatement.java:88)
	at org.flywaydb.core.internal.sqlscript.DefaultSqlScriptExecutor.executeStatement(DefaultSqlScriptExecutor.java:212)
	... 39 common frames omitted
2026-05-26 11:35:22.505 [background-preinit] INFO  >>> o.h.validator.internal.util.Version - HV000001: Hibernate Validator 8.0.3.Final
2026-05-26 11:35:22.607 [main] INFO  >>> b.i.p.Produto12026Application - Starting Produto12026Application using Java 25.0.2 with PID 26684 (C:\Users\Petricks\Documents\graduacao\7periodo\back-end\produto1-2026\target\classes started by Petricks in C:\Users\Petricks\Documents\graduacao\7periodo\back-end\produto1-2026)
2026-05-26 11:35:22.609 [main] INFO  >>> b.i.p.Produto12026Application - The following 1 profile is active: "dev"
2026-05-26 11:35:25.321 [main] INFO  >>> o.a.coyote.http11.Http11NioProtocol - Initializing ProtocolHandler ["http-nio-8080"]
2026-05-26 11:35:25.324 [main] INFO  >>> o.a.catalina.core.StandardService - Starting service [Tomcat]
2026-05-26 11:35:25.325 [main] INFO  >>> o.a.catalina.core.StandardEngine - Starting Servlet engine: [Apache Tomcat/10.1.52]
2026-05-26 11:35:25.413 [main] INFO  >>> o.a.c.c.C.[Tomcat].[localhost].[/] - Initializing Spring embedded WebApplicationContext
2026-05-26 11:35:25.920 [main] INFO  >>> com.zaxxer.hikari.HikariDataSource - HikariPool-1 - Starting...
2026-05-26 11:35:26.234 [main] INFO  >>> com.zaxxer.hikari.pool.HikariPool - HikariPool-1 - Added connection com.mysql.cj.jdbc.ConnectionImpl@318e3942
2026-05-26 11:35:26.239 [main] INFO  >>> com.zaxxer.hikari.HikariDataSource - HikariPool-1 - Start completed.
2026-05-26 11:35:26.382 [main] INFO  >>> org.flywaydb.core.FlywayExecutor - Database: jdbc:mysql://localhost:3306/products?createDatabaseIfNotExist=true&allowPublicKeyRetrieval=true&useSSL=false&useTimezone=true&serverTimezone=UTC (MySQL 5.5)
2026-05-26 11:35:26.495 [main] WARN  >>> o.s.b.w.s.c.AnnotationConfigServletWebServerApplicationContext - Exception encountered during context initialization - cancelling refresh attempt: org.springframework.beans.factory.BeanCreationException: Error creating bean with name 'entityManagerFactory' defined in class path resource [org/springframework/boot/autoconfigure/orm/jpa/HibernateJpaConfiguration.class]: Failed to initialize dependency 'flywayInitializer' of LoadTimeWeaverAware bean 'entityManagerFactory': Error creating bean with name 'flywayInitializer' defined in class path resource [org/springframework/boot/autoconfigure/flyway/FlywayAutoConfiguration$FlywayConfiguration.class]: Validate failed: Migrations have failed validation
Detected failed migration to version 2 (criando tabelas do bd).
Please remove any half-completed changes then run repair to fix the schema history.
Need more flexibility with validation rules? Learn more: https://rd.gt/3AbJUZE
2026-05-26 11:35:26.496 [main] INFO  >>> com.zaxxer.hikari.HikariDataSource - HikariPool-1 - Shutdown initiated...
2026-05-26 11:35:26.540 [main] INFO  >>> com.zaxxer.hikari.HikariDataSource - HikariPool-1 - Shutdown completed.
2026-05-26 11:35:26.547 [main] INFO  >>> o.a.catalina.core.StandardService - Stopping service [Tomcat]
2026-05-26 11:35:26.604 [main] ERROR >>> o.s.boot.SpringApplication - Application run failed
org.springframework.beans.factory.BeanCreationException: Error creating bean with name 'entityManagerFactory' defined in class path resource [org/springframework/boot/autoconfigure/orm/jpa/HibernateJpaConfiguration.class]: Failed to initialize dependency 'flywayInitializer' of LoadTimeWeaverAware bean 'entityManagerFactory': Error creating bean with name 'flywayInitializer' defined in class path resource [org/springframework/boot/autoconfigure/flyway/FlywayAutoConfiguration$FlywayConfiguration.class]: Validate failed: Migrations have failed validation
Detected failed migration to version 2 (criando tabelas do bd).
Please remove any half-completed changes then run repair to fix the schema history.
Need more flexibility with validation rules? Learn more: https://rd.gt/3AbJUZE
	at org.springframework.beans.factory.support.AbstractBeanFactory.doGetBean(AbstractBeanFactory.java:328)
	at org.springframework.beans.factory.support.AbstractBeanFactory.getBean(AbstractBeanFactory.java:207)
	at org.springframework.context.support.AbstractApplicationContext.finishBeanFactoryInitialization(AbstractApplicationContext.java:974)
	at org.springframework.context.support.AbstractApplicationContext.refresh(AbstractApplicationContext.java:628)
	at org.springframework.boot.web.servlet.context.ServletWebServerApplicationContext.refresh(ServletWebServerApplicationContext.java:146)
	at org.springframework.boot.SpringApplication.refresh(SpringApplication.java:752)
	at org.springframework.boot.SpringApplication.refreshContext(SpringApplication.java:439)
	at org.springframework.boot.SpringApplication.run(SpringApplication.java:318)
	at org.springframework.boot.SpringApplication.run(SpringApplication.java:1361)
	at org.springframework.boot.SpringApplication.run(SpringApplication.java:1350)
	at br.ifmg.produto1_2026.Produto12026Application.main(Produto12026Application.java:16)
Caused by: org.springframework.beans.factory.BeanCreationException: Error creating bean with name 'flywayInitializer' defined in class path resource [org/springframework/boot/autoconfigure/flyway/FlywayAutoConfiguration$FlywayConfiguration.class]: Validate failed: Migrations have failed validation
Detected failed migration to version 2 (criando tabelas do bd).
Please remove any half-completed changes then run repair to fix the schema history.
Need more flexibility with validation rules? Learn more: https://rd.gt/3AbJUZE
	at org.springframework.beans.factory.support.AbstractAutowireCapableBeanFactory.initializeBean(AbstractAutowireCapableBeanFactory.java:1826)
	at org.springframework.beans.factory.support.AbstractAutowireCapableBeanFactory.doCreateBean(AbstractAutowireCapableBeanFactory.java:607)
	at org.springframework.beans.factory.support.AbstractAutowireCapableBeanFactory.createBean(AbstractAutowireCapableBeanFactory.java:529)
	at org.springframework.beans.factory.support.AbstractBeanFactory.lambda$doGetBean$0(AbstractBeanFactory.java:339)
	at org.springframework.beans.factory.support.DefaultSingletonBeanRegistry.getSingleton(DefaultSingletonBeanRegistry.java:373)
	at org.springframework.beans.factory.support.AbstractBeanFactory.doGetBean(AbstractBeanFactory.java:337)
	at org.springframework.beans.factory.support.AbstractBeanFactory.getBean(AbstractBeanFactory.java:202)
	at org.springframework.beans.factory.support.AbstractBeanFactory.doGetBean(AbstractBeanFactory.java:315)
	... 10 common frames omitted
Caused by: org.flywaydb.core.api.exception.FlywayValidateException: Validate failed: Migrations have failed validation
Detected failed migration to version 2 (criando tabelas do bd).
Please remove any half-completed changes then run repair to fix the schema history.
Need more flexibility with validation rules? Learn more: https://rd.gt/3AbJUZE
	at org.flywaydb.core.Flyway.lambda$migrate$1(Flyway.java:201)
	at org.flywaydb.core.FlywayExecutor.execute(FlywayExecutor.java:210)
	at org.flywaydb.core.Flyway.migrate(Flyway.java:188)
	at org.springframework.boot.autoconfigure.flyway.FlywayMigrationInitializer.afterPropertiesSet(FlywayMigrationInitializer.java:66)
	at org.springframework.beans.factory.support.AbstractAutowireCapableBeanFactory.invokeInitMethods(AbstractAutowireCapableBeanFactory.java:1873)
	at org.springframework.beans.factory.support.AbstractAutowireCapableBeanFactory.initializeBean(AbstractAutowireCapableBeanFactory.java:1822)
	... 17 common frames omitted
